DrawObjectData_1.Matrix,DrawObjectData_1.NormleMatrix,DrawObjectData_1.EnitityID,DrawObjectData_1.MaterielID,DrawObjectData_1.Empty0,DrawObjectData_1.Empty1
"[2.7500, 0.0000, 0.0000, 0.0000]
[0.0000, 2.7500, 0.0000, 0.0000]
[0.0000, 0.0000, 2.7500, 0.0000]
[-5.0939, 13.2641, 13.0324, 1.0000]","[0.3636, -0.0000, 0.0000, 1.8523]
[-0.0000, 0.3636, -0.0000, -4.8233]
[0.0000, -0.0000, 0.3636, -4.7391]
[-0.0000, 0.0000, -0.0000, 1.0000]",1,0,-10,-11
"[2.7500, 0.0000, 0.0000, 0.0000]
[0.0000, 2.7500, 0.0000, 0.0000]
[0.0000, 0.0000, 2.7500, 0.0000]
[16.9029, 13.2641, 13.0324, 1.0000]","[0.3636, -0.0000, 0.0000, -6.1465]
[-0.0000, 0.3636, -0.0000, -4.8233]
[0.0000, -0.0000, 0.3636, -4.7391]
[-0.0000, 0.0000, -0.0000, 1.0000]",1,0,-10,-11
"[2.7500, 0.0000, 0.0000, 0.0000]
[0.0000, 2.7500, 0.0000, 0.0000]
[0.0000, 0.0000, 2.7500, 0.0000]
[-5.0939, 13.2641, -13.1885, 1.0000]","[0.3636, -0.0000, 0.0000, 1.8523]
[-0.0000, 0.3636, -0.0000, -4.8233]
[0.0000, -0.0000, 0.3636, 4.7958]
[-0.0000, 0.0000, -0.0000, 1.0000]",1,0,-10,-11
"[2.7500, 0.0000, 0.0000, 0.0000]
[0.0000, 2.7500, 0.0000, 0.0000]
[0.0000, 0.0000, 2.7500, 0.0000]
[16.9029, 13.2641, -13.1885, 1.0000]","[0.3636, -0.0000, 0.0000, -6.1465]
[-0.0000, 0.3636, -0.0000, -4.8233]
[0.0000, -0.0000, 0.3636, 4.7958]
[-0.0000, 0.0000, -0.0000, 1.0000]",1,0,-10,-11
"[2.7500, 0.0000, 0.0000, 0.0000]
[0.0000, 2.7500, 0.0000, 0.0000]
[0.0000, 0.0000, 2.7500, 0.0000]
[-5.0939, 13.2641, -13.1885, 1.0000]","[0.3636, -0.0000, 0.0000, 1.8523]
[-0.0000, 0.3636, -0.0000, -4.8233]
[0.0000, -0.0000, 0.3636, 4.7958]
[-0.0000, 0.0000, -0.0000, 1.0000]",1,1,-10,-11
"[2.7500, 0.0000, 0.0000, 0.0000]
[0.0000, 2.7500, 0.0000, 0.0000]
[0.0000, 0.0000, 2.7500, 0.0000]
[-5.0939, 13.2641, 13.0324, 1.0000]","[0.3636, -0.0000, 0.0000, 1.8523]
[-0.0000, 0.3636, -0.0000, -4.8233]
[0.0000, -0.0000, 0.3636, -4.7391]
[-0.0000, 0.0000, -0.0000, 1.0000]",1,1,-10,-11
"[2.7500, 0.0000, 0.0000, 0.0000]
[0.0000, 2.7500, 0.0000, 0.0000]
[0.0000, 0.0000, 2.7500, 0.0000]
[16.9029, 13.2641, 13.0324, 1.0000]","[0.3636, -0.0000, 0.0000, -6.1465]
[-0.0000, 0.3636, -0.0000, -4.8233]
[0.0000, -0.0000, 0.3636, -4.7391]
[-0.0000, 0.0000, -0.0000, 1.0000]",1,1,-10,-11
"[2.7500, 0.0000, 0.0000, 0.0000]
[0.0000, 2.7500, 0.0000, 0.0000]
[0.0000, 0.0000, 2.7500, 0.0000]
[16.9029, 13.2641, -13.1885, 1.0000]","[0.3636, -0.0000, 0.0000, -6.1465]
[-0.0000, 0.3636, -0.0000, -4.8233]
[0.0000, -0.0000, 0.3636, 4.7958]
[-0.0000, 0.0000, -0.0000, 1.0000]",1,1,-10,-11
"[2.7500, 0.0000, 0.0000, 0.0000]
[0.0000, 2.7500, 0.0000, 0.0000]
[0.0000, 0.0000, 2.7500, 0.0000]
[-5.0939, 13.2641, 13.0324, 1.0000]","[0.3636, -0.0000, 0.0000, 1.8523]
[-0.0000, 0.3636, -0.0000, -4.8233]
[0.0000, -0.0000, 0.3636, -4.7391]
[-0.0000, 0.0000, -0.0000, 1.0000]",1,2,-10,-11
"[2.7500, 0.0000, 0.0000, 0.0000]
[0.0000, 2.7500, 0.0000, 0.0000]
[0.0000, 0.0000, 2.7500, 0.0000]
[16.9029, 13.2641, 13.0324, 1.0000]","[0.3636, -0.0000, 0.0000, -6.1465]
[-0.0000, 0.3636, -0.0000, -4.8233]
[0.0000, -0.0000, 0.3636, -4.7391]
[-0.0000, 0.0000, -0.0000, 1.0000]",1,2,-10,-11
"[2.7500, 0.0000, 0.0000, 0.0000]
[0.0000, 2.7500, 0.0000, 0.0000]
[0.0000, 0.0000, 2.7500, 0.0000]
[-5.0939, 13.2641, -13.1885, 1.0000]","[0.3636, -0.0000, 0.0000, 1.8523]
[-0.0000, 0.3636, -0.0000, -4.8233]
[0.0000, -0.0000, 0.3636, 4.7958]
[-0.0000, 0.0000, -0.0000, 1.0000]",1,2,-10,-11
"[2.7500, 0.0000, 0.0000, 0.0000]
[0.0000, 2.7500, 0.0000, 0.0000]
[0.0000, 0.0000, 2.7500, 0.0000]
[16.9029, 13.2641, -13.1885, 1.0000]","[0.3636, -0.0000, 0.0000, -6.1465]
[-0.0000, 0.3636, -0.0000, -4.8233]
[0.0000, -0.0000, 0.3636, 4.7958]
[-0.0000, 0.0000, -0.0000, 1.0000]",1,2,-10,-11
"[2.7500, 0.0000, 0.0000, 0.0000]
[0.0000, 2.7500, 0.0000, 0.0000]
[0.0000, 0.0000, 2.7500, 0.0000]
[-5.0005, 4.9346, 16.8666, 1.0000]","[0.3636, -0.0000, 0.0000, 1.8184]
[-0.0000, 0.3636, -0.0000, -1.7944]
[0.0000, -0.0000, 0.3636, -6.1333]
[-0.0000, 0.0000, -0.0000, 1.0000]",1,3,-10,-11
"[2.7500, 0.0000, 0.0000, 0.0000]
[0.0000, 2.7500, 0.0000, 0.0000]
[0.0000, 0.0000, 2.7500, 0.0000]
[17.0378, 4.9346, 16.8666, 1.0000]","[0.3636, -0.0000, 0.0000, -6.1956]
[-0.0000, 0.3636, -0.0000, -1.7944]
[0.0000, -0.0000, 0.3636, -6.1333]
[-0.0000, 0.0000, -0.0000, 1.0000]",1,3,-10,-11
"[2.7500, 0.0000, 0.0000, 0.0000]
[0.0000, 2.7500, 0.0000, 0.0000]
[0.0000, 0.0000, 2.7500, 0.0000]
[5.9996, 4.9346, 16.8666, 1.0000]","[0.3636, -0.0000, 0.0000, -2.1817]
[-0.0000, 0.3636, -0.0000, -1.7944]
[0.0000, -0.0000, 0.3636, -6.1333]
[-0.0000, 0.0000, -0.0000, 1.0000]",1,4,-10,-11
"[2.7500, 0.0000, 0.0000, 0.0000]
[0.0000, 2.7500, 0.0000, 0.0000]
[0.0000, 0.0000, 2.7500, 0.0000]
[17.0378, 4.9346, 16.8666, 1.0000]","[0.3636, -0.0000, 0.0000, -6.1956]
[-0.0000, 0.3636, -0.0000, -1.7944]
[0.0000, -0.0000, 0.3636, -6.1333]
[-0.0000, 0.0000, -0.0000, 1.0000]",1,4,-10,-11
"[2.7500, 0.0000, 0.0000, 0.0000]
[0.0000, 2.7500, 0.0000, 0.0000]
[0.0000, 0.0000, 2.7500, 0.0000]
[-26.7306, 4.9346, 16.8831, 1.0000]","[0.3636, -0.0000, 0.0000, 9.7202]
[-0.0000, 0.3636, -0.0000, -1.7944]
[0.0000, -0.0000, 0.3636, -6.1393]
[-0.0000, 0.0000, -0.0000, 1.0000]",1,4,-10,-11
"[2.7500, 0.0000, 0.0000, 0.0000]
[0.0000, 2.7500, 0.0000, 0.0000]
[0.0000, 0.0000, 2.7500, 0.0000]
[-15.8867, 4.9346, 16.8666, 1.0000]","[0.3636, -0.0000, 0.0000, 5.7770]
[-0.0000, 0.3636, -0.0000, -1.7944]
[0.0000, -0.0000, 0.3636, -6.1333]
[-0.0000, 0.0000, -0.0000, 1.0000]",1,4,-10,-11
"[2.7500, 0.0000, 0.0000, 0.0000]
[0.0000, 2.7500, 0.0000, 0.0000]
[0.0000, 0.0000, 2.7500, 0.0000]
[-5.0005, 4.9346, 16.8666, 1.0000]","[0.3636, -0.0000, 0.0000, 1.8184]
[-0.0000, 0.3636, -0.0000, -1.7944]
[0.0000, -0.0000, 0.3636, -6.1333]
[-0.0000, 0.0000, -0.0000, 1.0000]",1,4,-10,-11
"[2.7500, 0.0000, 0.0000, 0.0000]
[0.0000, 2.7500, 0.0000, 0.0000]
[0.0000, 0.0000, 2.7500, 0.0000]
[-15.8867, 4.9346, 16.8666, 1.0000]","[0.3636, -0.0000, 0.0000, 5.7770]
[-0.0000, 0.3636, -0.0000, -1.7944]
[0.0000, -0.0000, 0.3636, -6.1333]
[-0.0000, 0.0000, -0.0000, 1.0000]",1,3,-10,-11
"[2.7500, 0.0000, 0.0000, 0.0000]
[0.0000, 2.7500, 0.0000, 0.0000]
[0.0000, 0.0000, 2.7500, 0.0000]
[5.9996, 4.9346, 16.8666, 1.0000]","[0.3636, -0.0000, 0.0000, -2.1817]
[-0.0000, 0.3636, -0.0000, -1.7944]
[0.0000, -0.0000, 0.3636, -6.1333]
[-0.0000, 0.0000, -0.0000, 1.0000]",1,3,-10,-11
"[2.7500, 0.0000, 0.0000, 0.0000]
[0.0000, 2.7500, 0.0000, 0.0000]
[0.0000, 0.0000, 2.7500, 0.0000]
[5.9996, 4.9346, 16.8666, 1.0000]","[0.3636, -0.0000, 0.0000, -2.1817]
[-0.0000, 0.3636, -0.0000, -1.7944]
[0.0000, -0.0000, 0.3636, -6.1333]
[-0.0000, 0.0000, -0.0000, 1.0000]",1,0,-10,-11
"[2.7500, 0.0000, 0.0000, 0.0000]
[0.0000, 2.7500, 0.0000, 0.0000]
[0.0000, 0.0000, 2.7500, 0.0000]
[-15.8867, 4.9346, 16.8666, 1.0000]","[0.3636, -0.0000, 0.0000, 5.7770]
[-0.0000, 0.3636, -0.0000, -1.7944]
[0.0000, -0.0000, 0.3636, -6.1333]
[-0.0000, 0.0000, -0.0000, 1.0000]",1,0,-10,-11
"[2.3816, 0.0000, 1.3750, 0.0000]
[0.0000, 2.7500, 0.0000, 0.0000]
[-1.3750, 0.0000, 2.3816, 0.0000]
[6.0033, 13.2641, -13.1885, 1.0000]","[0.3149, -0.0000, 0.1818, 0.5074]
[-0.0000, 0.3636, -0.0000, -4.8233]
[-0.1818, -0.0000, 0.3149, 5.2448]
[-0.0000, 0.0000, -0.0000, 1.0000]",1,0,-10,-11
"[2.3816, 0.0000, 1.3750, 0.0000]
[0.0000, 2.7500, 0.0000, 0.0000]
[-1.3750, 0.0000, 2.3816, 0.0000]
[6.0033, 13.2641, 13.0324, 1.0000]","[0.3149, -0.0000, 0.1818, -4.2601]
[-0.0000, 0.3636, -0.0000, -4.8233]
[-0.1818, -0.0000, 0.3149, -3.0126]
[-0.0000, 0.0000, -0.0000, 1.0000]",1,0,-10,-11
"[2.3816, 0.0000, 1.3750, 0.0000]
[0.0000, 2.7500, 0.0000, 0.0000]
[-1.3750, 0.0000, 2.3816, 0.0000]
[6.0033, 13.2641, -13.1885, 1.0000]","[0.3149, -0.0000, 0.1818, 0.5074]
[-0.0000, 0.3636, -0.0000, -4.8233]
[-0.1818, -0.0000, 0.3149, 5.2448]
[-0.0000, 0.0000, -0.0000, 1.0000]",1,1,-10,-11
"[2.3816, 0.0000, 1.3750, 0.0000]
[0.0000, 2.7500, 0.0000, 0.0000]
[-1.3750, 0.0000, 2.3816, 0.0000]
[6.0033, 13.2641, 13.0324, 1.0000]","[0.3149, -0.0000, 0.1818, -4.2601]
[-0.0000, 0.3636, -0.0000, -4.8233]
[-0.1818, -0.0000, 0.3149, -3.0126]
[-0.0000, 0.0000, -0.0000, 1.0000]",1,1,-10,-11
"[2.3816, 0.0000, 1.3750, 0.0000]
[0.0000, 2.7500, 0.0000, 0.0000]
[-1.3750, 0.0000, 2.3816, 0.0000]
[6.0033, 13.2641, -13.1885, 1.0000]","[0.3149, -0.0000, 0.1818, 0.5074]
[-0.0000, 0.3636, -0.0000, -4.8233]
[-0.1818, -0.0000, 0.3149, 5.2448]
[-0.0000, 0.0000, -0.0000, 1.0000]",1,2,-10,-11
"[2.3816, 0.0000, 1.3750, 0.0000]
[0.0000, 2.7500, 0.0000, 0.0000]
[-1.3750, 0.0000, 2.3816, 0.0000]
[6.0033, 13.2641, 13.0324, 1.0000]","[0.3149, -0.0000, 0.1818, -4.2601]
[-0.0000, 0.3636, -0.0000, -4.8233]
[-0.1818, -0.0000, 0.3149, -3.0126]
[-0.0000, 0.0000, -0.0000, 1.0000]",1,2,-10,-11
"[2.7082, 0.0000, -0.4775, 0.0000]
[0.0000, 2.7500, 0.0000, 0.0000]
[0.4775, 0.0000, 2.7082, 0.0000]
[-16.2857, 13.2641, -13.1850, 1.0000]","[0.3581, -0.0000, -0.0631, 4.9995]
[-0.0000, 0.3636, -0.0000, -4.8233]
[0.0631, -0.0000, 0.3581, 5.7501]
[-0.0000, 0.0000, -0.0000, 1.0000]",1,0,-10,-11
"[2.7082, 0.0000, -0.4775, 0.0000]
[0.0000, 2.7500, 0.0000, 0.0000]
[0.4775, 0.0000, 2.7082, 0.0000]
[-16.2857, 13.2641, 13.0360, 1.0000]","[0.3581, -0.0000, -0.0631, 6.6553]
[-0.0000, 0.3636, -0.0000, -4.8233]
[0.0631, -0.0000, 0.3581, -3.6400]
[-0.0000, 0.0000, -0.0000, 1.0000]",1,0,-10,-11
"[2.7082, 0.0000, -0.4775, 0.0000]
[0.0000, 2.7500, 0.0000, 0.0000]
[0.4775, 0.0000, 2.7082, 0.0000]
[-16.2857, 13.2641, 13.0360, 1.0000]","[0.3581, -0.0000, -0.0631, 6.6553]
[-0.0000, 0.3636, -0.0000, -4.8233]
[0.0631, -0.0000, 0.3581, -3.6400]
[-0.0000, 0.0000, -0.0000, 1.0000]",1,1,-10,-11
"[2.7082, 0.0000, -0.4775, 0.0000]
[0.0000, 2.7500, 0.0000, 0.0000]
[0.4775, 0.0000, 2.7082, 0.0000]
[-16.2857, 13.2641, -13.1850, 1.0000]","[0.3581, -0.0000, -0.0631, 4.9995]
[-0.0000, 0.3636, -0.0000, -4.8233]
[0.0631, -0.0000, 0.3581, 5.7501]
[-0.0000, 0.0000, -0.0000, 1.0000]",1,1,-10,-11
"[2.7082, 0.0000, -0.4775, 0.0000]
[0.0000, 2.7500, 0.0000, 0.0000]
[0.4775, 0.0000, 2.7082, 0.0000]
[-16.2857, 13.2641, -13.1850, 1.0000]","[0.3581, -0.0000, -0.0631, 4.9995]
[-0.0000, 0.3636, -0.0000, -4.8233]
[0.0631, -0.0000, 0.3581, 5.7501]
[-0.0000, 0.0000, -0.0000, 1.0000]",1,2,-10,-11
"[2.7082, 0.0000, -0.4775, 0.0000]
[0.0000, 2.7500, 0.0000, 0.0000]
[0.4775, 0.0000, 2.7082, 0.0000]
[-16.2857, 13.2641, 13.0360, 1.0000]","[0.3581, -0.0000, -0.0631, 6.6553]
[-0.0000, 0.3636, -0.0000, -4.8233]
[0.0631, -0.0000, 0.3581, -3.6400]
[-0.0000, 0.0000, -0.0000, 1.0000]",1,2,-10,-11
"[2.3816, 0.0000, -1.3750, 0.0000]
[0.0000, 2.7500, 0.0000, 0.0000]
[1.3750, 0.0000, 2.3816, 0.0000]
[-27.0198, 13.2641, 13.0360, 1.0000]","[0.3149, -0.0000, -0.1818, 10.8792]
[-0.0000, 0.3636, -0.0000, -4.8233]
[0.1818, -0.0000, 0.3149, 0.8074]
[-0.0000, 0.0000, -0.0000, 1.0000]",1,0,-10,-11
"[2.3816, 0.0000, -1.3750, 0.0000]
[0.0000, 2.7500, 0.0000, 0.0000]
[1.3750, 0.0000, 2.3816, 0.0000]
[-27.0198, 13.2641, -13.1850, 1.0000]","[0.3149, -0.0000, -0.1818, 6.1118]
[-0.0000, 0.3636, -0.0000, -4.8233]
[0.1818, -0.0000, 0.3149, 9.0649]
[-0.0000, 0.0000, -0.0000, 1.0000]",1,0,-10,-11
"[2.3816, 0.0000, -1.3750, 0.0000]
[0.0000, 2.7500, 0.0000, 0.0000]
[1.3750, 0.0000, 2.3816, 0.0000]
[-27.0198, 13.2641, 13.0360, 1.0000]","[0.3149, -0.0000, -0.1818, 10.8792]
[-0.0000, 0.3636, -0.0000, -4.8233]
[0.1818, -0.0000, 0.3149, 0.8074]
[-0.0000, 0.0000, -0.0000, 1.0000]",1,1,-10,-11
"[2.3816, 0.0000, -1.3750, 0.0000]
[0.0000, 2.7500, 0.0000, 0.0000]
[1.3750, 0.0000, 2.3816, 0.0000]
[-27.0198, 13.2641, -13.1850, 1.0000]","[0.3149, -0.0000, -0.1818, 6.1118]
[-0.0000, 0.3636, -0.0000, -4.8233]
[0.1818, -0.0000, 0.3149, 9.0649]
[-0.0000, 0.0000, -0.0000, 1.0000]",1,1,-10,-11
"[2.3816, 0.0000, -1.3750, 0.0000]
[0.0000, 2.7500, 0.0000, 0.0000]
[1.3750, 0.0000, 2.3816, 0.0000]
[-27.0198, 13.2641, -13.1850, 1.0000]","[0.3149, -0.0000, -0.1818, 6.1118]
[-0.0000, 0.3636, -0.0000, -4.8233]
[0.1818, -0.0000, 0.3149, 9.0649]
[-0.0000, 0.0000, -0.0000, 1.0000]",1,2,-10,-11
"[2.3816, 0.0000, -1.3750, 0.0000]
[0.0000, 2.7500, 0.0000, 0.0000]
[1.3750, 0.0000, 2.3816, 0.0000]
[-27.0198, 13.2641, 13.0360, 1.0000]","[0.3149, -0.0000, -0.1818, 10.8792]
[-0.0000, 0.3636, -0.0000, -4.8233]
[0.1818, -0.0000, 0.3149, 0.8074]
[-0.0000, 0.0000, -0.0000, 1.0000]",1,2,-10,-11
"[2.7500, 0.0000, 0.0000, 0.0000]
[0.0000, 2.7500, 0.0000, 0.0000]
[0.0000, 0.0000, 2.7500, 0.0000]
[6.2544, 14.9901, -20.5384, 1.0000]","[0.3636, -0.0000, 0.0000, -2.2743]
[-0.0000, 0.3636, -0.0000, -5.4509]
[0.0000, -0.0000, 0.3636, 7.4685]
[-0.0000, 0.0000, -0.0000, 1.0000]",1,5,-10,-11
"[2.7500, 0.0000, 0.0000, 0.0000]
[0.0000, 2.7500, 0.0000, 0.0000]
[0.0000, 0.0000, 2.7500, 0.0000]
[-26.4959, 14.9901, -20.5384, 1.0000]","[0.3636, -0.0000, 0.0000, 9.6349]
[-0.0000, 0.3636, -0.0000, -5.4509]
[0.0000, -0.0000, 0.3636, 7.4685]
[-0.0000, 0.0000, -0.0000, 1.0000]",1,5,-10,-11
"[2.7500, 0.0000, 0.0000, 0.0000]
[0.0000, 2.7500, 0.0000, 0.0000]
[0.0000, 0.0000, 2.7500, 0.0000]
[6.2544, 14.9901, -20.5384, 1.0000]","[0.3636, -0.0000, 0.0000, -2.2743]
[-0.0000, 0.3636, -0.0000, -5.4509]
[0.0000, -0.0000, 0.3636, 7.4685]
[-0.0000, 0.0000, -0.0000, 1.0000]",1,6,-10,-11
"[2.7500, 0.0000, 0.0000, 0.0000]
[0.0000, 2.7500, 0.0000, 0.0000]
[0.0000, 0.0000, 2.7500, 0.0000]
[-15.7930, 14.9901, -20.5384, 1.0000]","[0.3636, -0.0000, 0.0000, 5.7429]
[-0.0000, 0.3636, -0.0000, -5.4509]
[0.0000, -0.0000, 0.3636, 7.4685]
[-0.0000, 0.0000, -0.0000, 1.0000]",1,6,-10,-11
"[2.7500, 0.0000, 0.0000, 0.0000]
[0.0000, 2.7500, 0.0000, 0.0000]
[0.0000, 0.0000, 2.7500, 0.0000]
[-26.4959, 14.9901, -20.5384, 1.0000]","[0.3636, -0.0000, 0.0000, 9.6349]
[-0.0000, 0.3636, -0.0000, -5.4509]
[0.0000, -0.0000, 0.3636, 7.4685]
[-0.0000, 0.0000, -0.0000, 1.0000]",1,6,-10,-11
"[2.7500, 0.0000, 0.0000, 0.0000]
[0.0000, 2.7500, 0.0000, 0.0000]
[0.0000, 0.0000, 2.7500, 0.0000]
[-5.0633, 14.9901, -20.5384, 1.0000]","[0.3636, -0.0000, 0.0000, 1.8412]
[-0.0000, 0.3636, -0.0000, -5.4509]
[0.0000, -0.0000, 0.3636, 7.4685]
[-0.0000, 0.0000, -0.0000, 1.0000]",1,6,-10,-11
"[2.7500, 0.0000, 0.0000, 0.0000]
[0.0000, 2.7500, 0.0000, 0.0000]
[0.0000, 0.0000, 2.7500, 0.0000]
[-15.7930, 14.9901, -20.5384, 1.0000]","[0.3636, -0.0000, 0.0000, 5.7429]
[-0.0000, 0.3636, -0.0000, -5.4509]
[0.0000, -0.0000, 0.3636, 7.4685]
[-0.0000, 0.0000, -0.0000, 1.0000]",1,7,-10,-11
"[2.7500, 0.0000, 0.0000, 0.0000]
[0.0000, 2.7500, 0.0000, 0.0000]
[0.0000, 0.0000, 2.7500, 0.0000]
[-5.0633, 14.9901, -20.5384, 1.0000]","[0.3636, -0.0000, 0.0000, 1.8412]
[-0.0000, 0.3636, -0.0000, -5.4509]
[0.0000, -0.0000, 0.3636, 7.4685]
[-0.0000, 0.0000, -0.0000, 1.0000]",1,7,-10,-11
"[2.7500, 0.0000, 0.0000, 0.0000]
[0.0000, 2.7500, 0.0000, 0.0000]
[0.0000, 0.0000, 2.7500, 0.0000]
[-15.7930, 14.9901, -20.5384, 1.0000]","[0.3636, -0.0000, 0.0000, 5.7429]
[-0.0000, 0.3636, -0.0000, -5.4509]
[0.0000, -0.0000, 0.3636, 7.4685]
[-0.0000, 0.0000, -0.0000, 1.0000]",1,5,-10,-11
"[2.7500, 0.0000, 0.0000, 0.0000]
[0.0000, 2.7500, 0.0000, 0.0000]
[0.0000, 0.0000, 2.7500, 0.0000]
[-5.0633, 14.9901, -20.5384, 1.0000]","[0.3636, -0.0000, 0.0000, 1.8412]
[-0.0000, 0.3636, -0.0000, -5.4509]
[0.0000, -0.0000, 0.3636, 7.4685]
[-0.0000, 0.0000, -0.0000, 1.0000]",1,5,-10,-11
"[2.7500, 0.0000, 0.0000, 0.0000]
[0.0000, 2.7500, 0.0000, 0.0000]
[0.0000, 0.0000, 2.7500, 0.0000]
[-5.0633, 14.9901, -20.5384, 1.0000]","[0.3636, -0.0000, 0.0000, 1.8412]
[-0.0000, 0.3636, -0.0000, -5.4509]
[0.0000, -0.0000, 0.3636, 7.4685]
[-0.0000, 0.0000, -0.0000, 1.0000]",1,8,-10,-11
"[2.7500, 0.0000, 0.0000, 0.0000]
[0.0000, 2.7500, 0.0000, 0.0000]
[0.0000, 0.0000, 2.7500, 0.0000]
[-15.7930, 14.9901, -20.5384, 1.0000]","[0.3636, -0.0000, 0.0000, 5.7429]
[-0.0000, 0.3636, -0.0000, -5.4509]
[0.0000, -0.0000, 0.3636, 7.4685]
[-0.0000, 0.0000, -0.0000, 1.0000]",1,8,-10,-11
"[2.7500, 0.0000, 0.0000, 0.0000]
[0.0000, 2.7500, 0.0000, 0.0000]
[0.0000, 0.0000, 2.7500, 0.0000]
[-15.7930, 14.9901, -20.5384, 1.0000]","[0.3636, -0.0000, 0.0000, 5.7429]
[-0.0000, 0.3636, -0.0000, -5.4509]
[0.0000, -0.0000, 0.3636, 7.4685]
[-0.0000, 0.0000, -0.0000, 1.0000]",1,0,-10,-11
"[2.7500, 0.0000, 0.0000, 0.0000]
[0.0000, 2.7500, 0.0000, 0.0000]
[0.0000, 0.0000, 2.7500, 0.0000]
[-5.0633, 14.9901, -20.5384, 1.0000]","[0.3636, -0.0000, 0.0000, 1.8412]
[-0.0000, 0.3636, -0.0000, -5.4509]
[0.0000, -0.0000, 0.3636, 7.4685]
[-0.0000, 0.0000, -0.0000, 1.0000]",1,0,-10,-11
"[2.7500, 0.0000, 0.0000, 0.0000]
[0.0000, 2.7500, 0.0000, 0.0000]
[0.0000, 0.0000, 2.7500, 0.0000]
[-15.7930, 14.9901, -20.5384, 1.0000]","[0.3636, -0.0000, 0.0000, 5.7429]
[-0.0000, 0.3636, -0.0000, -5.4509]
[0.0000, -0.0000, 0.3636, 7.4685]
[-0.0000, 0.0000, -0.0000, 1.0000]",1,4,-10,-11
"[2.7500, 0.0000, 0.0000, 0.0000]
[0.0000, 2.7500, 0.0000, 0.0000]
[0.0000, 0.0000, 2.7500, 0.0000]
[-5.0633, 14.9901, -20.5384, 1.0000]","[0.3636, -0.0000, 0.0000, 1.8412]
[-0.0000, 0.3636, -0.0000, -5.4509]
[0.0000, -0.0000, 0.3636, 7.4685]
[-0.0000, 0.0000, -0.0000, 1.0000]",1,4,-10,-11
"[2.7500, 0.0000, 0.0000, 0.0000]
[0.0000, 2.7500, 0.0000, 0.0000]
[0.0000, 0.0000, 2.7500, 0.0000]
[-26.6539, 14.9901, 20.4328, 1.0000]","[0.3636, -0.0000, 0.0000, 9.6923]
[-0.0000, 0.3636, -0.0000, -5.4509]
[0.0000, -0.0000, 0.3636, -7.4301]
[-0.0000, 0.0000, -0.0000, 1.0000]",1,5,-10,-11
"[2.7500, 0.0000, 0.0000, 0.0000]
[0.0000, 2.7500, 0.0000, 0.0000]
[0.0000, 0.0000, 2.7500, 0.0000]
[-5.2657, 14.9901, 20.4328, 1.0000]","[0.3636, -0.0000, 0.0000, 1.9148]
[-0.0000, 0.3636, -0.0000, -5.4509]
[0.0000, -0.0000, 0.3636, -7.4301]
[-0.0000, 0.0000, -0.0000, 1.0000]",1,5,-10,-11
"[2.7500, 0.0000, 0.0000, 0.0000]
[0.0000, 2.7500, 0.0000, 0.0000]
[0.0000, 0.0000, 2.7500, 0.0000]
[6.2067, 14.9901, 20.4328, 1.0000]","[0.3636, -0.0000, 0.0000, -2.2570]
[-0.0000, 0.3636, -0.0000, -5.4509]
[0.0000, -0.0000, 0.3636, -7.4301]
[-0.0000, 0.0000, -0.0000, 1.0000]",1,5,-10,-11
"[2.7500, 0.0000, 0.0000, 0.0000]
[0.0000, 2.7500, 0.0000, 0.0000]
[0.0000, 0.0000, 2.7500, 0.0000]
[-16.0629, 14.9901, 20.4328, 1.0000]","[0.3636, -0.0000, 0.0000, 5.8410]
[-0.0000, 0.3636, -0.0000, -5.4509]
[0.0000, -0.0000, 0.3636, -7.4301]
[-0.0000, 0.0000, -0.0000, 1.0000]",1,5,-10,-11
"[2.7500, 0.0000, 0.0000, 0.0000]
[0.0000, 2.7500, 0.0000, 0.0000]
[0.0000, 0.0000, 2.7500, 0.0000]
[6.2067, 14.9901, 20.4328, 1.0000]","[0.3636, -0.0000, 0.0000, -2.2570]
[-0.0000, 0.3636, -0.0000, -5.4509]
[0.0000, -0.0000, 0.3636, -7.4301]
[-0.0000, 0.0000, -0.0000, 1.0000]",1,6,-10,-11
"[2.7500, 0.0000, 0.0000, 0.0000]
[0.0000, 2.7500, 0.0000, 0.0000]
[0.0000, 0.0000, 2.7500, 0.0000]
[-16.0629, 14.9901, 20.4328, 1.0000]","[0.3636, -0.0000, 0.0000, 5.8410]
[-0.0000, 0.3636, -0.0000, -5.4509]
[0.0000, -0.0000, 0.3636, -7.4301]
[-0.0000, 0.0000, -0.0000, 1.0000]",1,6,-10,-11
"[2.7500, 0.0000, 0.0000, 0.0000]
[0.0000, 2.7500, 0.0000, 0.0000]
[0.0000, 0.0000, 2.7500, 0.0000]
[-5.2657, 14.9901, 20.4328, 1.0000]","[0.3636, -0.0000, 0.0000, 1.9148]
[-0.0000, 0.3636, -0.0000, -5.4509]
[0.0000, -0.0000, 0.3636, -7.4301]
[-0.0000, 0.0000, -0.0000, 1.0000]",1,6,-10,-11
"[2.7500, 0.0000, 0.0000, 0.0000]
[0.0000, 2.7500, 0.0000, 0.0000]
[0.0000, 0.0000, 2.7500, 0.0000]
[-26.6539, 14.9901, 20.4328, 1.0000]","[0.3636, -0.0000, 0.0000, 9.6923]
[-0.0000, 0.3636, -0.0000, -5.4509]
[0.0000, -0.0000, 0.3636, -7.4301]
[-0.0000, 0.0000, -0.0000, 1.0000]",1,6,-10,-11
"[2.7500, 0.0000, 0.0000, 0.0000]
[0.0000, 2.7500, 0.0000, 0.0000]
[0.0000, 0.0000, 2.7500, 0.0000]
[0.3854, 11.1902, 8.4898, 1.0000]","[0.3636, -0.0000, 0.0000, -0.1402]
[-0.0000, 0.3636, -0.0000, -4.0692]
[0.0000, -0.0000, 0.3636, -3.0872]
[-0.0000, 0.0000, -0.0000, 1.0000]",1,9,-10,-11
"[2.7500, 0.0000, 0.0000, 0.0000]
[0.0000, 2.7500, 0.0000, 0.0000]
[0.0000, 0.0000, 2.7500, 0.0000]
[0.3854, 11.1902, 8.4898, 1.0000]","[0.3636, -0.0000, 0.0000, -0.1402]
[-0.0000, 0.3636, -0.0000, -4.0692]
[0.0000, -0.0000, 0.3636, -3.0872]
[-0.0000, 0.0000, -0.0000, 1.0000]",1,10,-10,-11
"[2.7500, 0.0000, 0.0000, 0.0000]
[0.0000, 2.7500, 0.0000, 0.0000]
[0.0000, 0.0000, 2.7500, 0.0000]
[0.3854, 11.1902, -8.5656, 1.0000]","[0.3636, -0.0000, 0.0000, -0.1401]
[-0.0000, 0.3636, -0.0000, -4.0692]
[0.0000, -0.0000, 0.3636, 3.1148]
[-0.0000, 0.0000, -0.0000, 1.0000]",1,9,-10,-11
"[2.7500, 0.0000, 0.0000, 0.0000]
[0.0000, 2.7500, 0.0000, 0.0000]
[0.0000, 0.0000, 2.7500, 0.0000]
[0.3854, 11.1902, -8.5656, 1.0000]","[0.3636, -0.0000, 0.0000, -0.1401]
[-0.0000, 0.3636, -0.0000, -4.0692]
[0.0000, -0.0000, 0.3636, 3.1148]
[-0.0000, 0.0000, -0.0000, 1.0000]",1,10,-10,-11
"[2.7500, 0.0000, -0.0000, 0.0000]
[0.0000, 2.7500, 0.0000, 0.0000]
[0.0000, 0.0000, 2.7500, 0.0000]
[0.3129, 12.0282, -0.0464, 1.0000]","[0.3636, -0.0000, -0.0000, -0.1138]
[-0.0000, 0.3636, -0.0000, -4.3739]
[0.0000, -0.0000, 0.3636, 0.0169]
[-0.0000, 0.0000, -0.0000, 1.0000]",1,0,-10,-11
"[2.7500, 0.0000, -0.0000, 0.0000]
[0.0000, 2.7500, 0.0000, 0.0000]
[0.0000, 0.0000, 2.7500, 0.0000]
[0.3129, 12.0282, -0.0464, 1.0000]","[0.3636, -0.0000, -0.0000, -0.1138]
[-0.0000, 0.3636, -0.0000, -4.3739]
[0.0000, -0.0000, 0.3636, 0.0169]
[-0.0000, 0.0000, -0.0000, 1.0000]",1,6,-10,-11
"[2.7500, 0.0000, 0.0000, 0.0000]
[0.0000, 2.7500, 0.0000, 0.0000]
[0.0000, 0.0000, 2.7500, 0.0000]
[1.1058, 11.2644, -0.4147, 1.0000]","[0.3636, -0.0000, 0.0000, -0.4021]
[-0.0000, 0.3636, -0.0000, -4.0962]
[0.0000, -0.0000, 0.3636, 0.1508]
[-0.0000, 0.0000, -0.0000, 1.0000]",1,11,-10,-11
"[2.7500, 0.0000, 0.0000, 0.0000]
[0.0000, 2.7500, 0.0000, 0.0000]
[0.0000, 0.0000, 2.7500, 0.0000]
[1.1058, 11.2644, -0.4147, 1.0000]","[0.3636, -0.0000, 0.0000, -0.4021]
[-0.0000, 0.3636, -0.0000, -4.0962]
[0.0000, -0.0000, 0.3636, 0.1508]
[-0.0000, 0.0000, -0.0000, 1.0000]",1,12,-10,-11
"[2.7500, 0.0000, 0.0000, 0.0000]
[0.0000, 2.7500, 0.0000, 0.0000]
[0.0000, 0.0000, 2.7500, 0.0000]
[1.1058, 11.2644, -0.4147, 1.0000]","[0.3636, -0.0000, 0.0000, -0.4021]
[-0.0000, 0.3636, -0.0000, -4.0962]
[0.0000, -0.0000, 0.3636, 0.1508]
[-0.0000, 0.0000, -0.0000, 1.0000]",1,13,-10,-11
"[2.7500, 0.0000, 0.0000, 0.0000]
[0.0000, 2.7500, 0.0000, 0.0000]
[0.0000, 0.0000, 2.7500, 0.0000]
[41.9998, 10.7592, -5.7593, 1.0000]","[0.3636, -0.0000, 0.0000, -15.2726]
[-0.0000, 0.3636, -0.0000, -3.9124]
[0.0000, -0.0000, 0.3636, 2.0943]
[-0.0000, 0.0000, -0.0000, 1.0000]",1,10,-10,-11
"[2.7500, 0.0000, 0.0000, 0.0000]
[0.0000, 2.7500, 0.0000, 0.0000]
[0.0000, 0.0000, 2.7500, 0.0000]
[41.9998, 10.7592, -5.7593, 1.0000]","[0.3636, -0.0000, 0.0000, -15.2726]
[-0.0000, 0.3636, -0.0000, -3.9124]
[0.0000, -0.0000, 0.3636, 2.0943]
[-0.0000, 0.0000, -0.0000, 1.0000]",1,7,-10,-11
"[2.7500, 0.0000, 0.0000, 0.0000]
[0.0000, 2.7500, 0.0000, 0.0000]
[0.0000, 0.0000, 2.7500, 0.0000]
[41.9998, 10.7592, -5.7593, 1.0000]","[0.3636, -0.0000, 0.0000, -15.2726]
[-0.0000, 0.3636, -0.0000, -3.9124]
[0.0000, -0.0000, 0.3636, 2.0943]
[-0.0000, 0.0000, -0.0000, 1.0000]",1,5,-10,-11
"[2.7500, 0.0000, 0.0000, 0.0000]
[0.0000, 2.7500, 0.0000, 0.0000]
[0.0000, 0.0000, 2.7500, 0.0000]
[41.9998, 10.7592, -5.7593, 1.0000]","[0.3636, -0.0000, 0.0000, -15.2726]
[-0.0000, 0.3636, -0.0000, -3.9124]
[0.0000, -0.0000, 0.3636, 2.0943]
[-0.0000, 0.0000, -0.0000, 1.0000]",1,12,-10,-11
"[2.7500, 0.0000, 0.0000, 0.0000]
[0.0000, 2.7500, 0.0000, 0.0000]
[0.0000, 0.0000, 2.7500, 0.0000]
[41.9998, 10.7592, -5.7593, 1.0000]","[0.3636, -0.0000, 0.0000, -15.2726]
[-0.0000, 0.3636, -0.0000, -3.9124]
[0.0000, -0.0000, 0.3636, 2.0943]
[-0.0000, 0.0000, -0.0000, 1.0000]",1,13,-10,-11
"[2.7500, 0.0000, 0.0000, 0.0000]
[0.0000, 2.7500, 0.0000, 0.0000]
[0.0000, 0.0000, 2.7500, 0.0000]
[22.9060, -0.0317, -0.0877, 1.0000]","[0.3636, -0.0000, 0.0000, -8.3295]
[-0.0000, 0.3636, -0.0000, 0.0115]
[0.0000, -0.0000, 0.3636, 0.0319]
[-0.0000, 0.0000, -0.0000, 1.0000]",1,14,-10,-11
"[2.7500, 0.0000, 0.0000, 0.0000]
[0.0000, 2.7500, 0.0000, 0.0000]
[0.0000, 0.0000, 2.7500, 0.0000]
[22.9060, -0.0317, -0.0877, 1.0000]","[0.3636, -0.0000, 0.0000, -8.3295]
[-0.0000, 0.3636, -0.0000, 0.0115]
[0.0000, -0.0000, 0.3636, 0.0319]
[-0.0000, 0.0000, -0.0000, 1.0000]",1,15,-10,-11
"[2.7500, 0.0000, 0.0000, 0.0000]
[0.0000, 2.7500, 0.0000, 0.0000]
[0.0000, 0.0000, 2.7500, 0.0000]
[11.5701, -0.0352, -0.1125, 1.0000]","[0.3636, -0.0000, 0.0000, -4.2073]
[-0.0000, 0.3636, -0.0000, 0.0128]
[0.0000, -0.0000, 0.3636, 0.0409]
[-0.0000, 0.0000, -0.0000, 1.0000]",1,14,-10,-11
"[2.7500, 0.0000, 0.0000, 0.0000]
[0.0000, 2.7500, 0.0000, 0.0000]
[0.0000, 0.0000, 2.7500, 0.0000]
[11.5701, -0.0352, -0.1125, 1.0000]","[0.3636, -0.0000, 0.0000, -4.2073]
[-0.0000, 0.3636, -0.0000, 0.0128]
[0.0000, -0.0000, 0.3636, 0.0409]
[-0.0000, 0.0000, -0.0000, 1.0000]",1,15,-10,-11
"[2.7500, 0.0000, 0.0000, 0.0000]
[0.0000, 2.7500, 0.0000, 0.0000]
[0.0000, 0.0000, 2.7500, 0.0000]
[0.3965, -0.0325, -0.0996, 1.0000]","[0.3636, -0.0000, 0.0000, -0.1442]
[-0.0000, 0.3636, -0.0000, 0.0118]
[0.0000, -0.0000, 0.3636, 0.0362]
[-0.0000, 0.0000, -0.0000, 1.0000]",1,14,-10,-11
"[2.7500, 0.0000, 0.0000, 0.0000]
[0.0000, 2.7500, 0.0000, 0.0000]
[0.0000, 0.0000, 2.7500, 0.0000]
[0.3965, -0.0325, -0.0996, 1.0000]","[0.3636, -0.0000, 0.0000, -0.1442]
[-0.0000, 0.3636, -0.0000, 0.0118]
[0.0000, -0.0000, 0.3636, 0.0362]
[-0.0000, 0.0000, -0.0000, 1.0000]",1,15,-10,-11
"[2.7500, 0.0000, 0.0000, 0.0000]
[0.0000, 2.7500, 0.0000, 0.0000]
[0.0000, 0.0000, 2.7500, 0.0000]
[-10.7149, -0.0316, -0.1016, 1.0000]","[0.3636, -0.0000, 0.0000, 3.8963]
[-0.0000, 0.3636, -0.0000, 0.0115]
[0.0000, -0.0000, 0.3636, 0.0369]
[-0.0000, 0.0000, -0.0000, 1.0000]",1,14,-10,-11
"[2.7500, 0.0000, 0.0000, 0.0000]
[0.0000, 2.7500, 0.0000, 0.0000]
[0.0000, 0.0000, 2.7500, 0.0000]
[-10.7149, -0.0316, -0.1016, 1.0000]","[0.3636, -0.0000, 0.0000, 3.8963]
[-0.0000, 0.3636, -0.0000, 0.0115]
[0.0000, -0.0000, 0.3636, 0.0369]
[-0.0000, 0.0000, -0.0000, 1.0000]",1,15,-10,-11
"[2.7500, 0.0000, 0.0000, 0.0000]
[0.0000, 2.7500, 0.0000, 0.0000]
[0.0000, 0.0000, 2.7500, 0.0000]
[-22.2251, -0.0317, -0.0811, 1.0000]","[0.3636, -0.0000, 0.0000, 8.0819]
[-0.0000, 0.3636, -0.0000, 0.0115]
[0.0000, -0.0000, 0.3636, 0.0295]
[-0.0000, 0.0000, -0.0000, 1.0000]",1,14,-10,-11
"[2.7500, 0.0000, 0.0000, 0.0000]
[0.0000, 2.7500, 0.0000, 0.0000]
[0.0000, 0.0000, 2.7500, 0.0000]
[-22.2251, -0.0317, -0.0811, 1.0000]","[0.3636, -0.0000, 0.0000, 8.0819]
[-0.0000, 0.3636, -0.0000, 0.0115]
[0.0000, -0.0000, 0.3636, 0.0295]
[-0.0000, 0.0000, -0.0000, 1.0000]",1,15,-10,-11
"[2.7500, 0.0000, 0.0000, 0.0000]
[0.0000, 2.7500, 0.0000, 0.0000]
[0.0000, 0.0000, 2.7500, 0.0000]
[42.9297, 10.6785, -2.5263, 1.0000]","[0.3636, -0.0000, 0.0000, -15.6108]
[-0.0000, 0.3636, -0.0000, -3.8831]
[0.0000, -0.0000, 0.3636, 0.9187]
[-0.0000, 0.0000, -0.0000, 1.0000]",1,0,-10,-11
"[2.7500, 0.0000, 0.0000, 0.0000]
[0.0000, 2.7500, 0.0000, 0.0000]
[0.0000, 0.0000, 2.7500, 0.0000]
[42.9297, 10.6785, -2.5263, 1.0000]","[0.3636, -0.0000, 0.0000, -15.6108]
[-0.0000, 0.3636, -0.0000, -3.8831]
[0.0000, -0.0000, 0.3636, 0.9187]
[-0.0000, 0.0000, -0.0000, 1.0000]",1,1,-10,-11
"[2.7500, 0.0000, 0.0000, 0.0000]
[0.0000, 2.7500, 0.0000, 0.0000]
[0.0000, 0.0000, 2.7500, 0.0000]
[42.9297, 10.6785, -2.5263, 1.0000]","[0.3636, -0.0000, 0.0000, -15.6108]
[-0.0000, 0.3636, -0.0000, -3.8831]
[0.0000, -0.0000, 0.3636, 0.9187]
[-0.0000, 0.0000, -0.0000, 1.0000]",1,2,-10,-11
"[2.7500, 0.0000, 0.0000, 0.0000]
[0.0000, 2.7500, 0.0000, 0.0000]
[0.0000, 0.0000, 2.7500, 0.0000]
[42.5744, 4.1801, 4.0274, 1.0000]","[0.3636, -0.0000, 0.0000, -15.4816]
[-0.0000, 0.3636, -0.0000, -1.5200]
[0.0000, -0.0000, 0.3636, -1.4645]
[-0.0000, 0.0000, -0.0000, 1.0000]",1,7,-10,-11
"[2.7500, 0.0000, 0.0000, 0.0000]
[0.0000, 2.7500, 0.0000, 0.0000]
[0.0000, 0.0000, 2.7500, 0.0000]
[42.5744, 4.1801, 4.0274, 1.0000]","[0.3636, -0.0000, 0.0000, -15.4816]
[-0.0000, 0.3636, -0.0000, -1.5200]
[0.0000, -0.0000, 0.3636, -1.4645]
[-0.0000, 0.0000, -0.0000, 1.0000]",1,8,-10,-11
"[2.7500, 0.0000, 0.0000, 0.0000]
[0.0000, 2.7500, 0.0000, 0.0000]
[0.0000, 0.0000, 2.7500, 0.0000]
[42.5744, 4.1801, 4.0274, 1.0000]","[0.3636, -0.0000, 0.0000, -15.4816]
[-0.0000, 0.3636, -0.0000, -1.5200]
[0.0000, -0.0000, 0.3636, -1.4645]
[-0.0000, 0.0000, -0.0000, 1.0000]",1,0,-10,-11
"[2.7500, 0.0000, 0.0000, 0.0000]
[0.0000, 2.7500, 0.0000, 0.0000]
[0.0000, 0.0000, 2.7500, 0.0000]
[42.5744, 4.1801, 4.0274, 1.0000]","[0.3636, -0.0000, 0.0000, -15.4816]
[-0.0000, 0.3636, -0.0000, -1.5200]
[0.0000, -0.0000, 0.3636, -1.4645]
[-0.0000, 0.0000, -0.0000, 1.0000]",1,4,-10,-11
"[2.7500, 0.0000, 0.0000, 0.0000]
[0.0000, 2.7500, 0.0000, 0.0000]
[0.0000, 0.0000, 2.7500, 0.0000]
[50.3562, 2.4410, -10.7602, 1.0000]","[0.3636, -0.0000, 0.0000, -18.3114]
[-0.0000, 0.3636, -0.0000, -0.8876]
[0.0000, -0.0000, 0.3636, 3.9128]
[-0.0000, 0.0000, -0.0000, 1.0000]",1,7,-10,-11
"[2.7500, 0.0000, 0.0000, 0.0000]
[0.0000, 2.7500, 0.0000, 0.0000]
[0.0000, 0.0000, 2.7500, 0.0000]
[50.3562, 2.4410, -10.7602, 1.0000]","[0.3636, -0.0000, 0.0000, -18.3114]
[-0.0000, 0.3636, -0.0000, -0.8876]
[0.0000, -0.0000, 0.3636, 3.9128]
[-0.0000, 0.0000, -0.0000, 1.0000]",1,3,-10,-11
"[2.7500, 0.0000, 0.0000, 0.0000]
[0.0000, 2.7500, 0.0000, 0.0000]
[0.0000, 0.0000, 2.7500, 0.0000]
[50.3562, 2.4410, -10.7602, 1.0000]","[0.3636, -0.0000, 0.0000, -18.3114]
[-0.0000, 0.3636, -0.0000, -0.8876]
[0.0000, -0.0000, 0.3636, 3.9128]
[-0.0000, 0.0000, -0.0000, 1.0000]",1,0,-10,-11
"[2.7500, 0.0000, 0.0000, 0.0000]
[0.0000, 2.7500, 0.0000, 0.0000]
[0.0000, 0.0000, 2.7500, 0.0000]
[17.0378, 4.9346, 16.8666, 1.0000]","[0.3636, -0.0000, 0.0000, -6.1956]
[-0.0000, 0.3636, -0.0000, -1.7944]
[0.0000, -0.0000, 0.3636, -6.1333]
[-0.0000, 0.0000, -0.0000, 1.0000]",1,0,-10,-11
"[2.7500, 0.0000, 0.0000, 0.0000]
[0.0000, 2.7500, 0.0000, 0.0000]
[0.0000, 0.0000, 2.7500, 0.0000]
[-5.0005, 4.9346, 16.8666, 1.0000]","[0.3636, -0.0000, 0.0000, 1.8184]
[-0.0000, 0.3636, -0.0000, -1.7944]
[0.0000, -0.0000, 0.3636, -6.1333]
[-0.0000, 0.0000, -0.0000, 1.0000]",1,0,-10,-11
"[2.7500, 0.0000, 0.0000, 0.0000]
[0.0000, 2.7500, 0.0000, 0.0000]
[0.0000, 0.0000, 2.7500, 0.0000]
[-30.8829, 4.9346, 12.8085, 1.0000]","[0.3636, -0.0000, 0.0000, 11.2302]
[-0.0000, 0.3636, -0.0000, -1.7944]
[0.0000, -0.0000, 0.3636, -4.6576]
[-0.0000, 0.0000, -0.0000, 1.0000]",1,3,-10,-11
"[2.7500, 0.0000, 0.0000, 0.0000]
[0.0000, 2.7500, 0.0000, 0.0000]
[0.0000, 0.0000, 2.7500, 0.0000]
[-30.8829, 4.9346, 12.8085, 1.0000]","[0.3636, -0.0000, 0.0000, 11.2302]
[-0.0000, 0.3636, -0.0000, -1.7944]
[0.0000, -0.0000, 0.3636, -4.6576]
[-0.0000, 0.0000, -0.0000, 1.0000]",1,0,-10,-11
"[2.7500, 0.0000, 0.0000, 0.0000]
[0.0000, 2.7500, 0.0000, 0.0000]
[0.0000, 0.0000, 2.7500, 0.0000]
[-30.8829, 4.9346, 12.8085, 1.0000]","[0.3636, -0.0000, 0.0000, 11.2302]
[-0.0000, 0.3636, -0.0000, -1.7944]
[0.0000, -0.0000, 0.3636, -4.6576]
[-0.0000, 0.0000, -0.0000, 1.0000]",1,4,-10,-11
"[2.7500, 0.0000, 0.0000, 0.0000]
[0.0000, 2.7500, 0.0000, 0.0000]
[0.0000, 0.0000, 2.7500, 0.0000]
[-26.7306, 4.9346, 16.8831, 1.0000]","[0.3636, -0.0000, 0.0000, 9.7202]
[-0.0000, 0.3636, -0.0000, -1.7944]
[0.0000, -0.0000, 0.3636, -6.1393]
[-0.0000, 0.0000, -0.0000, 1.0000]",1,3,-10,-11
"[2.7500, 0.0000, 0.0000, 0.0000]
[0.0000, 2.7500, 0.0000, 0.0000]
[0.0000, 0.0000, 2.7500, 0.0000]
[-26.7306, 4.9346, 16.8831, 1.0000]","[0.3636, -0.0000, 0.0000, 9.7202]
[-0.0000, 0.3636, -0.0000, -1.7944]
[0.0000, -0.0000, 0.3636, -6.1393]
[-0.0000, 0.0000, -0.0000, 1.0000]",1,0,-10,-11
"[2.7500, 0.0000, 0.0000, 0.0000]
[0.0000, 2.7500, 0.0000, 0.0000]
[0.0000, 0.0000, 2.7500, 0.0000]
[-5.6335, 4.9979, -16.7698, 1.0000]","[0.3636, -0.0000, 0.0000, 2.0485]
[-0.0000, 0.3636, -0.0000, -1.8174]
[0.0000, -0.0000, 0.3636, 6.0981]
[-0.0000, 0.0000, -0.0000, 1.0000]",1,7,-10,-11
"[2.7500, 0.0000, 0.0000, 0.0000]
[0.0000, 2.7500, 0.0000, 0.0000]
[0.0000, 0.0000, 2.7500, 0.0000]
[-5.6335, 4.9979, -16.7698, 1.0000]","[0.3636, -0.0000, 0.0000, 2.0485]
[-0.0000, 0.3636, -0.0000, -1.8174]
[0.0000, -0.0000, 0.3636, 6.0981]
[-0.0000, 0.0000, -0.0000, 1.0000]",1,8,-10,-11
"[2.7500, 0.0000, 0.0000, 0.0000]
[0.0000, 2.7500, 0.0000, 0.0000]
[0.0000, 0.0000, 2.7500, 0.0000]
[-5.6335, 4.9979, -16.7698, 1.0000]","[0.3636, -0.0000, 0.0000, 2.0485]
[-0.0000, 0.3636, -0.0000, -1.8174]
[0.0000, -0.0000, 0.3636, 6.0981]
[-0.0000, 0.0000, -0.0000, 1.0000]",1,0,-10,-11
"[2.7500, 0.0000, 0.0000, 0.0000]
[0.0000, 2.7500, 0.0000, 0.0000]
[0.0000, 0.0000, 2.7500, 0.0000]
[-5.6335, 4.9979, -16.7698, 1.0000]","[0.3636, -0.0000, 0.0000, 2.0485]
[-0.0000, 0.3636, -0.0000, -1.8174]
[0.0000, -0.0000, 0.3636, 6.0981]
[-0.0000, 0.0000, -0.0000, 1.0000]",1,4,-10,-11
"[2.7500, 0.0000, 0.0000, 0.0000]
[0.0000, 2.7500, 0.0000, 0.0000]
[0.0000, 0.0000, 2.7500, 0.0000]
[-27.4786, 4.9843, -13.6116, 1.0000]","[0.3636, -0.0000, 0.0000, 9.9922]
[-0.0000, 0.3636, -0.0000, -1.8125]
[0.0000, -0.0000, 0.3636, 4.9497]
[-0.0000, 0.0000, -0.0000, 1.0000]",1,7,-10,-11
"[2.7500, 0.0000, 0.0000, 0.0000]
[0.0000, 2.7500, 0.0000, 0.0000]
[0.0000, 0.0000, 2.7500, 0.0000]
[-27.4786, 4.9843, -13.6116, 1.0000]","[0.3636, -0.0000, 0.0000, 9.9922]
[-0.0000, 0.3636, -0.0000, -1.8125]
[0.0000, -0.0000, 0.3636, 4.9497]
[-0.0000, 0.0000, -0.0000, 1.0000]",1,5,-10,-11
"[2.7500, 0.0000, 0.0000, 0.0000]
[0.0000, 2.7500, 0.0000, 0.0000]
[0.0000, 0.0000, 2.7500, 0.0000]
[-27.4786, 4.9843, -13.6116, 1.0000]","[0.3636, -0.0000, 0.0000, 9.9922]
[-0.0000, 0.3636, -0.0000, -1.8125]
[0.0000, -0.0000, 0.3636, 4.9497]
[-0.0000, 0.0000, -0.0000, 1.0000]",1,11,-10,-11
"[2.7500, 0.0000, 0.0000, 0.0000]
[0.0000, 2.7500, 0.0000, 0.0000]
[0.0000, 0.0000, 2.7500, 0.0000]
[-27.4786, 4.9843, -13.6116, 1.0000]","[0.3636, -0.0000, 0.0000, 9.9922]
[-0.0000, 0.3636, -0.0000, -1.8125]
[0.0000, -0.0000, 0.3636, 4.9497]
[-0.0000, 0.0000, -0.0000, 1.0000]",1,3,-10,-11
"[2.7500, 0.0000, 0.0000, 0.0000]
[0.0000, 2.7500, 0.0000, 0.0000]
[0.0000, 0.0000, 2.7500, 0.0000]
[-27.4786, 4.9843, -13.6116, 1.0000]","[0.3636, -0.0000, 0.0000, 9.9922]
[-0.0000, 0.3636, -0.0000, -1.8125]
[0.0000, -0.0000, 0.3636, 4.9497]
[-0.0000, 0.0000, -0.0000, 1.0000]",1,0,-10,-11
"[2.7500, 0.0000, 0.0000, 0.0000]
[0.0000, 2.7500, 0.0000, 0.0000]
[0.0000, 0.0000, 2.7500, 0.0000]
[-27.4786, 4.9843, -13.6116, 1.0000]","[0.3636, -0.0000, 0.0000, 9.9922]
[-0.0000, 0.3636, -0.0000, -1.8125]
[0.0000, -0.0000, 0.3636, 4.9497]
[-0.0000, 0.0000, -0.0000, 1.0000]",1,4,-10,-11
"[2.7500, 0.0000, 0.0000, 0.0000]
[0.0000, 2.7500, 0.0000, 0.0000]
[0.0000, 0.0000, 2.7500, 0.0000]
[-3.3151, 7.9183, -0.3683, 1.0000]","[0.3636, -0.0000, 0.0000, 1.2055]
[-0.0000, 0.3636, -0.0000, -2.8794]
[0.0000, -0.0000, 0.3636, 0.1339]
[-0.0000, 0.0000, -0.0000, 1.0000]",1,10,-10,-11
"[2.7500, 0.0000, 0.0000, 0.0000]
[0.0000, 2.7500, 0.0000, 0.0000]
[0.0000, 0.0000, 2.7500, 0.0000]
[5.5256, 5.9658, -0.0997, 1.0000]","[0.3636, -0.0000, 0.0000, -2.0093]
[-0.0000, 0.3636, -0.0000, -2.1694]
[0.0000, -0.0000, 0.3636, 0.0362]
[-0.0000, 0.0000, -0.0000, 1.0000]",1,9,-10,-11
"[2.7500, 0.0000, 0.0000, 0.0000]
[0.0000, 2.7500, 0.0000, 0.0000]
[0.0000, 0.0000, 2.7500, 0.0000]
[5.5256, 5.9658, -0.0997, 1.0000]","[0.3636, -0.0000, 0.0000, -2.0093]
[-0.0000, 0.3636, -0.0000, -2.1694]
[0.0000, -0.0000, 0.3636, 0.0362]
[-0.0000, 0.0000, -0.0000, 1.0000]",1,5,-10,-11
"[2.7500, 0.0000, 0.0000, 0.0000]
[0.0000, 2.7500, 0.0000, 0.0000]
[0.0000, 0.0000, 2.7500, 0.0000]
[5.5256, 5.9658, -0.0997, 1.0000]","[0.3636, -0.0000, 0.0000, -2.0093]
[-0.0000, 0.3636, -0.0000, -2.1694]
[0.0000, -0.0000, 0.3636, 0.0362]
[-0.0000, 0.0000, -0.0000, 1.0000]",1,16,-10,-11
"[2.7500, 0.0000, 0.0000, 0.0000]
[0.0000, 2.7500, 0.0000, 0.0000]
[0.0000, 0.0000, 2.7500, 0.0000]
[5.5256, 5.9658, -0.0997, 1.0000]","[0.3636, -0.0000, 0.0000, -2.0093]
[-0.0000, 0.3636, -0.0000, -2.1694]
[0.0000, -0.0000, 0.3636, 0.0362]
[-0.0000, 0.0000, -0.0000, 1.0000]",1,12,-10,-11
"[2.7500, 0.0000, 0.0000, 0.0000]
[0.0000, 2.7500, 0.0000, 0.0000]
[0.0000, 0.0000, 2.7500, 0.0000]
[53.6026, 2.1412, 0.0871, 1.0000]","[0.3636, -0.0000, 0.0000, -19.4919]
[-0.0000, 0.3636, -0.0000, -0.7786]
[0.0000, -0.0000, 0.3636, -0.0317]
[-0.0000, 0.0000, -0.0000, 1.0000]",1,17,-10,-11
"[2.7500, 0.0000, 0.0000, 0.0000]
[0.0000, 2.7500, 0.0000, 0.0000]
[0.0000, 0.0000, 2.7500, 0.0000]
[53.6026, 2.1412, 0.0871, 1.0000]","[0.3636, -0.0000, 0.0000, -19.4919]
[-0.0000, 0.3636, -0.0000, -0.7786]
[0.0000, -0.0000, 0.3636, -0.0317]
[-0.0000, 0.0000, -0.0000, 1.0000]",1,18,-10,-11
"[2.7500, 0.0000, 0.0000, 0.0000]
[0.0000, 2.7500, 0.0000, 0.0000]
[0.0000, 0.0000, 2.7500, 0.0000]
[38.9410, 5.0442, -6.8651, 1.0000]","[0.3636, -0.0000, 0.0000, -14.1603]
[-0.0000, 0.3636, -0.0000, -1.8343]
[0.0000, -0.0000, 0.3636, 2.4964]
[-0.0000, 0.0000, -0.0000, 1.0000]",1,0,-10,-11
"[2.7500, 0.0000, 0.0000, 0.0000]
[0.0000, 2.7500, 0.0000, 0.0000]
[0.0000, 0.0000, 2.7500, 0.0000]
[38.9410, 5.0442, -6.8651, 1.0000]","[0.3636, -0.0000, 0.0000, -14.1603]
[-0.0000, 0.3636, -0.0000, -1.8343]
[0.0000, -0.0000, 0.3636, 2.4964]
[-0.0000, 0.0000, -0.0000, 1.0000]",1,4,-10,-11
"[2.7500, 0.0000, 0.0000, 0.0000]
[0.0000, 2.7500, 0.0000, 0.0000]
[0.0000, 0.0000, 2.7500, 0.0000]
[38.9410, 5.0442, -6.8651, 1.0000]","[0.3636, -0.0000, 0.0000, -14.1603]
[-0.0000, 0.3636, -0.0000, -1.8343]
[0.0000, -0.0000, 0.3636, 2.4964]
[-0.0000, 0.0000, -0.0000, 1.0000]",1,17,-10,-11
"[2.7500, 0.0000, 0.0000, 0.0000]
[0.0000, 2.7500, 0.0000, 0.0000]
[0.0000, 0.0000, 2.7500, 0.0000]
[38.9410, 5.0442, -6.8651, 1.0000]","[0.3636, -0.0000, 0.0000, -14.1603]
[-0.0000, 0.3636, -0.0000, -1.8343]
[0.0000, -0.0000, 0.3636, 2.4964]
[-0.0000, 0.0000, -0.0000, 1.0000]",1,18,-10,-11
"[2.7500, 0.0000, 0.0000, 0.0000]
[0.0000, 2.7500, 0.0000, 0.0000]
[0.0000, 0.0000, 2.7500, 0.0000]
[5.1641, 22.7126, 1.3654, 1.0000]","[0.3636, -0.0000, 0.0000, -1.8779]
[-0.0000, 0.3636, -0.0000, -8.2591]
[0.0000, -0.0000, 0.3636, -0.4965]
[-0.0000, 0.0000, -0.0000, 1.0000]",1,9,-10,-11
"[2.7500, 0.0000, 0.0000, 0.0000]
[0.0000, 2.7500, 0.0000, 0.0000]
[0.0000, 0.0000, 2.7500, 0.0000]
[5.1641, 22.7126, 1.3654, 1.0000]","[0.3636, -0.0000, 0.0000, -1.8779]
[-0.0000, 0.3636, -0.0000, -8.2591]
[0.0000, -0.0000, 0.3636, -0.4965]
[-0.0000, 0.0000, -0.0000, 1.0000]",1,5,-10,-11
"[2.7500, 0.0000, 0.0000, 0.0000]
[0.0000, 2.7500, 0.0000, 0.0000]
[0.0000, 0.0000, 2.7500, 0.0000]
[5.1641, 22.7126, 1.3654, 1.0000]","[0.3636, -0.0000, 0.0000, -1.8779]
[-0.0000, 0.3636, -0.0000, -8.2591]
[0.0000, -0.0000, 0.3636, -0.4965]
[-0.0000, 0.0000, -0.0000, 1.0000]",1,16,-10,-11
"[2.5842, 0.0000, -0.9406, 0.0000]
[0.0000, 2.7500, 0.0000, 0.0000]
[0.9406, 0.0000, 2.5842, 0.0000]
[27.5752, 13.2641, -13.1885, 1.0000]","[0.3417, -0.0000, -0.1244, -11.0629]
[-0.0000, 0.3636, -0.0000, -4.8233]
[0.1244, -0.0000, 0.3417, 1.0770]
[-0.0000, 0.0000, -0.0000, 1.0000]",1,0,-10,-11
"[2.5842, 0.0000, -0.9406, 0.0000]
[0.0000, 2.7500, 0.0000, 0.0000]
[0.9406, 0.0000, 2.5842, 0.0000]
[27.5752, 13.2641, -13.1885, 1.0000]","[0.3417, -0.0000, -0.1244, -11.0629]
[-0.0000, 0.3636, -0.0000, -4.8233]
[0.1244, -0.0000, 0.3417, 1.0770]
[-0.0000, 0.0000, -0.0000, 1.0000]",1,1,-10,-11
"[2.5842, 0.0000, -0.9406, 0.0000]
[0.0000, 2.7500, 0.0000, 0.0000]
[0.9406, 0.0000, 2.5842, 0.0000]
[27.5752, 13.2641, -13.1885, 1.0000]","[0.3417, -0.0000, -0.1244, -11.0629]
[-0.0000, 0.3636, -0.0000, -4.8233]
[0.1244, -0.0000, 0.3417, 1.0770]
[-0.0000, 0.0000, -0.0000, 1.0000]",1,2,-10,-11
"[1.1622, 0.0000, -2.4923, 0.0000]
[0.0000, 2.7500, 0.0000, 0.0000]
[2.4923, 0.0000, 1.1622, 0.0000]
[-37.3951, 12.5506, 0.1723, 1.0000]","[0.1537, -0.0000, -0.3296, 5.8036]
[-0.0000, 0.3636, -0.0000, -4.5639]
[0.3296, -0.0000, 0.1537, 12.2977]
[-0.0000, 0.0000, -0.0000, 1.0000]",1,0,-10,-11
"[1.1622, 0.0000, -2.4923, 0.0000]
[0.0000, 2.7500, 0.0000, 0.0000]
[2.4923, 0.0000, 1.1622, 0.0000]
[-37.3951, 12.5506, 0.1723, 1.0000]","[0.1537, -0.0000, -0.3296, 5.8036]
[-0.0000, 0.3636, -0.0000, -4.5639]
[0.3296, -0.0000, 0.1537, 12.2977]
[-0.0000, 0.0000, -0.0000, 1.0000]",1,1,-10,-11
"[1.1622, 0.0000, -2.4923, 0.0000]
[0.0000, 2.7500, 0.0000, 0.0000]
[2.4923, 0.0000, 1.1622, 0.0000]
[-37.3951, 12.5506, 0.1723, 1.0000]","[0.1537, -0.0000, -0.3296, 5.8036]
[-0.0000, 0.3636, -0.0000, -4.5639]
[0.3296, -0.0000, 0.1537, 12.2977]
[-0.0000, 0.0000, -0.0000, 1.0000]",1,2,-10,-11
"[2.6563, 0.0000, 0.7118, 0.0000]
[0.0000, 2.7500, 0.0000, 0.0000]
[-0.7118, 0.0000, 2.6563, 0.0000]
[27.9346, 13.2641, 13.0456, 1.0000]","[0.3512, -0.0000, 0.0941, -11.0397]
[-0.0000, 0.3636, -0.0000, -4.8233]
[-0.0941, -0.0000, 0.3512, -1.9531]
[-0.0000, 0.0000, -0.0000, 1.0000]",1,0,-10,-11
"[2.6563, 0.0000, 0.7118, 0.0000]
[0.0000, 2.7500, 0.0000, 0.0000]
[-0.7118, 0.0000, 2.6563, 0.0000]
[27.9346, 13.2641, 13.0456, 1.0000]","[0.3512, -0.0000, 0.0941, -11.0397]
[-0.0000, 0.3636, -0.0000, -4.8233]
[-0.0941, -0.0000, 0.3512, -1.9531]
[-0.0000, 0.0000, -0.0000, 1.0000]",1,1,-10,-11
"[2.6563, 0.0000, 0.7118, 0.0000]
[0.0000, 2.7500, 0.0000, 0.0000]
[-0.7118, 0.0000, 2.6563, 0.0000]
[27.9346, 13.2641, 13.0456, 1.0000]","[0.3512, -0.0000, 0.0941, -11.0397]
[-0.0000, 0.3636, -0.0000, -4.8233]
[-0.0941, -0.0000, 0.3512, -1.9531]
[-0.0000, 0.0000, -0.0000, 1.0000]",1,2,-10,-11
"[2.7500, 0.0000, 0.0000, 0.0000]
[0.0000, 2.7500, 0.0000, 0.0000]
[0.0000, 0.0000, 2.7500, 0.0000]
[11.1524, -1.1693, -0.1250, 1.0000]","[0.3636, -0.0000, 0.0000, -4.0554]
[-0.0000, 0.3636, -0.0000, 0.4252]
[0.0000, -0.0000, 0.3636, 0.0455]
[-0.0000, 0.0000, -0.0000, 1.0000]",1,9,-10,-11
"[2.7500, 0.0000, 0.0000, 0.0000]
[0.0000, 2.7500, 0.0000, 0.0000]
[0.0000, 0.0000, 2.7500, 0.0000]
[11.1524, -1.1693, -0.1250, 1.0000]","[0.3636, -0.0000, 0.0000, -4.0554]
[-0.0000, 0.3636, -0.0000, 0.4252]
[0.0000, -0.0000, 0.3636, 0.0455]
[-0.0000, 0.0000, -0.0000, 1.0000]",1,5,-10,-11
"[2.7500, 0.0000, 0.0000, 0.0000]
[0.0000, 2.7500, 0.0000, 0.0000]
[0.0000, 0.0000, 2.7500, 0.0000]
[11.1524, -1.1693, -0.1250, 1.0000]","[0.3636, -0.0000, 0.0000, -4.0554]
[-0.0000, 0.3636, -0.0000, 0.4252]
[0.0000, -0.0000, 0.3636, 0.0455]
[-0.0000, 0.0000, -0.0000, 1.0000]",1,19,-10,-11
"[2.7500, 0.0000, 0.0000, 0.0000]
[0.0000, 2.7500, 0.0000, 0.0000]
[0.0000, 0.0000, 2.7500, 0.0000]
[11.1524, -1.1693, -0.1250, 1.0000]","[0.3636, -0.0000, 0.0000, -4.0554]
[-0.0000, 0.3636, -0.0000, 0.4252]
[0.0000, -0.0000, 0.3636, 0.0455]
[-0.0000, 0.0000, -0.0000, 1.0000]",1,0,-10,-11
"[2.7500, 0.0000, 0.0000, 0.0000]
[0.0000, 2.7500, 0.0000, 0.0000]
[0.0000, 0.0000, 2.7500, 0.0000]
[5.5256, 5.9658, -0.0997, 1.0000]","[0.3636, -0.0000, 0.0000, -2.0093]
[-0.0000, 0.3636, -0.0000, -2.1694]
[0.0000, -0.0000, 0.3636, 0.0362]
[-0.0000, 0.0000, -0.0000, 1.0000]",1,9,-10,-11
"[2.7500, 0.0000, 0.0000, 0.0000]
[0.0000, 2.7500, 0.0000, 0.0000]
[0.0000, 0.0000, 2.7500, 0.0000]
[5.5256, 5.9658, -0.0997, 1.0000]","[0.3636, -0.0000, 0.0000, -2.0093]
[-0.0000, 0.3636, -0.0000, -2.1694]
[0.0000, -0.0000, 0.3636, 0.0362]
[-0.0000, 0.0000, -0.0000, 1.0000]",1,10,-10,-11
"[2.7500, 0.0000, 0.0000, 0.0000]
[0.0000, 2.7500, 0.0000, 0.0000]
[0.0000, 0.0000, 2.7500, 0.0000]
[5.5256, 5.9658, -0.0997, 1.0000]","[0.3636, -0.0000, 0.0000, -2.0093]
[-0.0000, 0.3636, -0.0000, -2.1694]
[0.0000, -0.0000, 0.3636, 0.0362]
[-0.0000, 0.0000, -0.0000, 1.0000]",1,7,-10,-11
"[2.7500, 0.0000, 0.0000, 0.0000]
[0.0000, 2.7500, 0.0000, 0.0000]
[0.0000, 0.0000, 2.7500, 0.0000]
[5.5256, 5.9658, -0.0997, 1.0000]","[0.3636, -0.0000, 0.0000, -2.0093]
[-0.0000, 0.3636, -0.0000, -2.1694]
[0.0000, -0.0000, 0.3636, 0.0362]
[-0.0000, 0.0000, -0.0000, 1.0000]",1,5,-10,-11
"[2.7500, 0.0000, 0.0000, 0.0000]
[0.0000, 2.7500, 0.0000, 0.0000]
[0.0000, 0.0000, 2.7500, 0.0000]
[5.5256, 5.9658, -0.0997, 1.0000]","[0.3636, -0.0000, 0.0000, -2.0093]
[-0.0000, 0.3636, -0.0000, -2.1694]
[0.0000, -0.0000, 0.3636, 0.0362]
[-0.0000, 0.0000, -0.0000, 1.0000]",1,19,-10,-11
"[2.7500, 0.0000, 0.0000, 0.0000]
[0.0000, 2.7500, 0.0000, 0.0000]
[0.0000, 0.0000, 2.7500, 0.0000]
[5.5256, 5.9658, -0.0997, 1.0000]","[0.3636, -0.0000, 0.0000, -2.0093]
[-0.0000, 0.3636, -0.0000, -2.1694]
[0.0000, -0.0000, 0.3636, 0.0362]
[-0.0000, 0.0000, -0.0000, 1.0000]",1,11,-10,-11
"[2.7500, 0.0000, 0.0000, 0.0000]
[0.0000, 2.7500, 0.0000, 0.0000]
[0.0000, 0.0000, 2.7500, 0.0000]
[5.5256, 5.9658, -0.0997, 1.0000]","[0.3636, -0.0000, 0.0000, -2.0093]
[-0.0000, 0.3636, -0.0000, -2.1694]
[0.0000, -0.0000, 0.3636, 0.0362]
[-0.0000, 0.0000, -0.0000, 1.0000]",1,0,-10,-11
"[2.7500, 0.0000, 0.0000, 0.0000]
[0.0000, 2.7500, 0.0000, 0.0000]
[0.0000, 0.0000, 2.7500, 0.0000]
[5.5256, 5.9658, -0.0997, 1.0000]","[0.3636, -0.0000, 0.0000, -2.0093]
[-0.0000, 0.3636, -0.0000, -2.1694]
[0.0000, -0.0000, 0.3636, 0.0362]
[-0.0000, 0.0000, -0.0000, 1.0000]",1,4,-10,-11
"[2.7500, 0.0000, 0.0000, 0.0000]
[0.0000, 2.7500, 0.0000, 0.0000]
[0.0000, 0.0000, 2.7500, 0.0000]
[5.5256, 5.9658, -0.0997, 1.0000]","[0.3636, -0.0000, 0.0000, -2.0093]
[-0.0000, 0.3636, -0.0000, -2.1694]
[0.0000, -0.0000, 0.3636, 0.0362]
[-0.0000, 0.0000, -0.0000, 1.0000]",1,6,-10,-11
"[2.7500, 0.0000, 0.0000, 0.0000]
[0.0000, 2.7500, 0.0000, 0.0000]
[0.0000, 0.0000, 2.7500, 0.0000]
[5.5256, 5.9658, -0.0997, 1.0000]","[0.3636, -0.0000, 0.0000, -2.0093]
[-0.0000, 0.3636, -0.0000, -2.1694]
[0.0000, -0.0000, 0.3636, 0.0362]
[-0.0000, 0.0000, -0.0000, 1.0000]",1,13,-10,-11
"[2.7500, 0.0000, -0.0000, 0.0000]
[0.0000, 2.7500, 0.0000, 0.0000]
[0.0000, 0.0000, 2.7500, 0.0000]
[0.3129, 12.0282, -0.0464, 1.0000]","[0.3636, -0.0000, -0.0000, -0.1138]
[-0.0000, 0.3636, -0.0000, -4.3739]
[0.0000, -0.0000, 0.3636, 0.0169]
[-0.0000, 0.0000, -0.0000, 1.0000]",1,9,-10,-11
"[2.7500, 0.0000, -0.0000, 0.0000]
[0.0000, 2.7500, 0.0000, 0.0000]
[0.0000, 0.0000, 2.7500, 0.0000]
[0.3129, 12.0282, -0.0464, 1.0000]","[0.3636, -0.0000, -0.0000, -0.1138]
[-0.0000, 0.3636, -0.0000, -4.3739]
[0.0000, -0.0000, 0.3636, 0.0169]
[-0.0000, 0.0000, -0.0000, 1.0000]",1,10,-10,-11
"[2.7500, 0.0000, -0.0000, 0.0000]
[0.0000, 2.7500, 0.0000, 0.0000]
[0.0000, 0.0000, 2.7500, 0.0000]
[0.3129, 12.0282, -0.0464, 1.0000]","[0.3636, -0.0000, -0.0000, -0.1138]
[-0.0000, 0.3636, -0.0000, -4.3739]
[0.0000, -0.0000, 0.3636, 0.0169]
[-0.0000, 0.0000, -0.0000, 1.0000]",1,0,-10,-11
"[-0.0000, 0.0000, -1.2924, 0.0000]
[0.0000, 1.2924, 0.0000, 0.0000]
[1.2924, 0.0000, -0.0000, 0.0000]
[-43.8508, 0.6271, 0.2733, 1.0000]","[-0.0000, -0.0000, -0.7738, 0.2115]
[-0.0000, 0.7738, -0.0000, -0.4852]
[0.7738, -0.0000, -0.0000, 33.9298]
[-0.0000, 0.0000, 0.0000, 1.0000]",1,20,-10,-11
"[-0.0000, -0.0000, -2.7500, 0.0000]
[2.7500, -0.0000, -0.0000, 0.0000]
[-0.0000, -2.7500, 0.0000, 0.0000]
[-30.5712, 3.2202, -13.1458, 1.0000]","[-0.0000, 0.0000, -0.3636, -4.7803]
[0.3636, -0.0000, -0.0000, 11.1168]
[-0.0000, -0.3636, 0.0000, 1.1710]
[-0.0000, 0.0000, -0.0000, 1.0000]",1,21,-10,-11
"[2.7500, 0.0000, 0.0000, 0.0000]
[0.0000, 2.7500, 0.0000, 0.0000]
[0.0000, 0.0000, 2.7500, 0.0000]
[5.5256, 5.9658, -0.0997, 1.0000]","[0.3636, -0.0000, 0.0000, -2.0093]
[-0.0000, 0.3636, -0.0000, -2.1694]
[0.0000, -0.0000, 0.3636, 0.0362]
[-0.0000, 0.0000, -0.0000, 1.0000]",1,5,-10,-11
"[2.7500, 0.0000, 0.0000, 0.0000]
[0.0000, 2.7500, 0.0000, 0.0000]
[0.0000, 0.0000, 2.7500, 0.0000]
[5.5256, 5.9658, -0.0997, 1.0000]","[0.3636, -0.0000, 0.0000, -2.0093]
[-0.0000, 0.3636, -0.0000, -2.1694]
[0.0000, -0.0000, 0.3636, 0.0362]
[-0.0000, 0.0000, -0.0000, 1.0000]",1,8,-10,-11
"[2.7500, 0.0000, 0.0000, 0.0000]
[0.0000, 2.7500, 0.0000, 0.0000]
[0.0000, 0.0000, 2.7500, 0.0000]
[5.5256, 5.9658, -0.0997, 1.0000]","[0.3636, -0.0000, 0.0000, -2.0093]
[-0.0000, 0.3636, -0.0000, -2.1694]
[0.0000, -0.0000, 0.3636, 0.0362]
[-0.0000, 0.0000, -0.0000, 1.0000]",1,6,-10,-11
"[2.7500, 0.0000, -0.0000, 0.0000]
[0.0000, 2.7500, 0.0000, 0.0000]
[0.0000, 0.0000, 2.7500, 0.0000]
[-22.3965, 16.7754, 0.0596, 1.0000]","[0.3636, -0.0000, -0.0000, 8.1442]
[-0.0000, 0.3636, -0.0000, -6.1002]
[0.0000, -0.0000, 0.3636, -0.0217]
[-0.0000, 0.0000, -0.0000, 1.0000]",1,5,-10,-11
"[2.7500, 0.0000, -0.0000, 0.0000]
[0.0000, 2.7500, 0.0000, 0.0000]
[0.0000, 0.0000, 2.7500, 0.0000]
[-22.3965, 16.7754, 0.0596, 1.0000]","[0.3636, -0.0000, -0.0000, 8.1442]
[-0.0000, 0.3636, -0.0000, -6.1002]
[0.0000, -0.0000, 0.3636, -0.0217]
[-0.0000, 0.0000, -0.0000, 1.0000]",1,22,-10,-11
"[2.7500, 0.0000, 0.0000, 0.0000]
[0.0000, 2.7500, 0.0000, 0.0000]
[0.0000, 0.0000, 2.7500, 0.0000]
[-16.1066, 16.7754, 8.4492, 1.0000]","[0.3636, -0.0000, 0.0000, 5.8569]
[-0.0000, 0.3636, -0.0000, -6.1002]
[0.0000, -0.0000, 0.3636, -3.0724]
[-0.0000, 0.0000, -0.0000, 1.0000]",1,5,-10,-11
"[2.7500, 0.0000, 0.0000, 0.0000]
[0.0000, 2.7500, 0.0000, 0.0000]
[0.0000, 0.0000, 2.7500, 0.0000]
[-16.1066, 16.7754, 8.4492, 1.0000]","[0.3636, -0.0000, 0.0000, 5.8569]
[-0.0000, 0.3636, -0.0000, -6.1002]
[0.0000, -0.0000, 0.3636, -3.0724]
[-0.0000, 0.0000, -0.0000, 1.0000]",1,22,-10,-11
"[2.7500, 0.0000, 0.0000, 0.0000]
[0.0000, 2.7500, 0.0000, 0.0000]
[0.0000, 0.0000, 2.7500, 0.0000]
[-16.1522, 16.7754, -8.4833, 1.0000]","[0.3636, -0.0000, 0.0000, 5.8735]
[-0.0000, 0.3636, -0.0000, -6.1002]
[0.0000, -0.0000, 0.3636, 3.0848]
[-0.0000, 0.0000, -0.0000, 1.0000]",1,5,-10,-11
"[2.7500, 0.0000, 0.0000, 0.0000]
[0.0000, 2.7500, 0.0000, 0.0000]
[0.0000, 0.0000, 2.7500, 0.0000]
[-16.1522, 16.7754, -8.4833, 1.0000]","[0.3636, -0.0000, 0.0000, 5.8735]
[-0.0000, 0.3636, -0.0000, -6.1002]
[0.0000, -0.0000, 0.3636, 3.0848]
[-0.0000, 0.0000, -0.0000, 1.0000]",1,22,-10,-11
"[2.7500, 0.0000, 0.0000, 0.0000]
[0.0000, 2.7500, 0.0000, 0.0000]
[0.0000, 0.0000, 2.7500, 0.0000]
[-22.1912, 16.7985, -8.2283, 1.0000]","[0.3636, -0.0000, 0.0000, 8.0695]
[-0.0000, 0.3636, -0.0000, -6.1085]
[0.0000, -0.0000, 0.3636, 2.9921]
[-0.0000, 0.0000, -0.0000, 1.0000]",1,10,-10,-11
"[2.7500, 0.0000, 0.0000, 0.0000]
[0.0000, 2.7500, 0.0000, 0.0000]
[0.0000, 0.0000, 2.7500, 0.0000]
[-22.1912, 16.7985, -8.2283, 1.0000]","[0.3636, -0.0000, 0.0000, 8.0695]
[-0.0000, 0.3636, -0.0000, -6.1085]
[0.0000, -0.0000, 0.3636, 2.9921]
[-0.0000, 0.0000, -0.0000, 1.0000]",1,23,-10,-11
"[2.7500, 0.0000, 0.0000, 0.0000]
[0.0000, 2.7500, 0.0000, 0.0000]
[0.0000, 0.0000, 2.7500, 0.0000]
[-22.1912, 16.7985, -8.2283, 1.0000]","[0.3636, -0.0000, 0.0000, 8.0695]
[-0.0000, 0.3636, -0.0000, -6.1085]
[0.0000, -0.0000, 0.3636, 2.9921]
[-0.0000, 0.0000, -0.0000, 1.0000]",1,24,-10,-11
"[2.7500, 0.0000, 0.0000, 0.0000]
[-0.0000, 2.7500, 0.0000, 0.0000]
[0.0000, 0.0000, 2.7500, 0.0000]
[-22.1759, 16.6832, 8.1153, 1.0000]","[0.3636, 0.0000, 0.0000, 8.0639]
[-0.0000, 0.3636, -0.0000, -6.0666]
[0.0000, -0.0000, 0.3636, -2.9510]
[-0.0000, 0.0000, -0.0000, 1.0000]",1,10,-10,-11
"[2.7500, 0.0000, 0.0000, 0.0000]
[-0.0000, 2.7500, 0.0000, 0.0000]
[0.0000, 0.0000, 2.7500, 0.0000]
[-22.1759, 16.6832, 8.1153, 1.0000]","[0.3636, 0.0000, 0.0000, 8.0639]
[-0.0000, 0.3636, -0.0000, -6.0666]
[0.0000, -0.0000, 0.3636, -2.9510]
[-0.0000, 0.0000, -0.0000, 1.0000]",1,23,-10,-11
"[2.7500, 0.0000, 0.0000, 0.0000]
[-0.0000, 2.7500, 0.0000, 0.0000]
[0.0000, 0.0000, 2.7500, 0.0000]
[-22.1759, 16.6832, 8.1153, 1.0000]","[0.3636, 0.0000, 0.0000, 8.0639]
[-0.0000, 0.3636, -0.0000, -6.0666]
[0.0000, -0.0000, 0.3636, -2.9510]
[-0.0000, 0.0000, -0.0000, 1.0000]",1,24,-10,-11
"[2.7500, 0.0000, 0.0000, 0.0000]
[0.0000, 2.7500, 0.0000, 0.0000]
[0.0000, 0.0000, 2.7500, 0.0000]
[0.4096, 26.2733, -0.1382, 1.0000]","[0.3636, -0.0000, 0.0000, -0.1489]
[-0.0000, 0.3636, -0.0000, -9.5539]
[0.0000, -0.0000, 0.3636, 0.0503]
[-0.0000, 0.0000, -0.0000, 1.0000]",1,9,-10,-11
"[2.7500, 0.0000, 0.0000, 0.0000]
[0.0000, 2.7500, 0.0000, 0.0000]
[0.0000, 0.0000, 2.7500, 0.0000]
[0.4096, 26.2733, -0.1382, 1.0000]","[0.3636, -0.0000, 0.0000, -0.1489]
[-0.0000, 0.3636, -0.0000, -9.5539]
[0.0000, -0.0000, 0.3636, 0.0503]
[-0.0000, 0.0000, -0.0000, 1.0000]",1,5,-10,-11
"[2.7500, 0.0000, 0.0000, 0.0000]
[0.0000, 2.7500, 0.0000, 0.0000]
[0.0000, 0.0000, 2.7500, 0.0000]
[0.4096, 26.2733, -0.1382, 1.0000]","[0.3636, -0.0000, 0.0000, -0.1489]
[-0.0000, 0.3636, -0.0000, -9.5539]
[0.0000, -0.0000, 0.3636, 0.0503]
[-0.0000, 0.0000, -0.0000, 1.0000]",1,11,-10,-11
"[2.7500, 0.0000, 0.0000, 0.0000]
[0.0000, 2.7500, 0.0000, 0.0000]
[0.0000, 0.0000, 2.7500, 0.0000]
[0.4096, 26.2733, -0.1382, 1.0000]","[0.3636, -0.0000, 0.0000, -0.1489]
[-0.0000, 0.3636, -0.0000, -9.5539]
[0.0000, -0.0000, 0.3636, 0.0503]
[-0.0000, 0.0000, -0.0000, 1.0000]",1,0,-10,-11
"[2.7500, 0.0000, 0.0000, 0.0000]
[0.0000, 2.7500, 0.0000, 0.0000]
[0.0000, 0.0000, 2.7500, 0.0000]
[0.4096, 26.2733, -0.1382, 1.0000]","[0.3636, -0.0000, 0.0000, -0.1489]
[-0.0000, 0.3636, -0.0000, -9.5539]
[0.0000, -0.0000, 0.3636, 0.0503]
[-0.0000, 0.0000, -0.0000, 1.0000]",1,25,-10,-11
"[2.7500, 0.0000, 0.0000, 0.0000]
[0.0000, 2.7500, 0.0000, 0.0000]
[0.0000, 0.0000, 2.7500, 0.0000]
[0.7105, 27.2959, -0.0577, 1.0000]","[0.3636, -0.0000, 0.0000, -0.2584]
[-0.0000, 0.3636, -0.0000, -9.9258]
[0.0000, -0.0000, 0.3636, 0.0210]
[-0.0000, 0.0000, -0.0000, 1.0000]",1,10,-10,-11
"[2.7500, 0.0000, 0.0000, 0.0000]
[0.0000, 2.7500, 0.0000, 0.0000]
[0.0000, 0.0000, 2.7500, 0.0000]
[0.7105, 27.2959, -0.0577, 1.0000]","[0.3636, -0.0000, 0.0000, -0.2584]
[-0.0000, 0.3636, -0.0000, -9.9258]
[0.0000, -0.0000, 0.3636, 0.0210]
[-0.0000, 0.0000, -0.0000, 1.0000]",1,0,-10,-11
"[2.7500, 0.0000, 0.0000, 0.0000]
[0.0000, 2.7500, 0.0000, 0.0000]
[0.0000, 0.0000, 2.7500, 0.0000]
[0.7105, 27.2959, -0.0577, 1.0000]","[0.3636, -0.0000, 0.0000, -0.2584]
[-0.0000, 0.3636, -0.0000, -9.9258]
[0.0000, -0.0000, 0.3636, 0.0210]
[-0.0000, 0.0000, -0.0000, 1.0000]",1,16,-10,-11
"[2.7500, 0.0000, 0.0000, 0.0000]
[0.0000, 2.7500, 0.0000, 0.0000]
[0.0000, 0.0000, 2.7500, 0.0000]
[27.6785, 28.5545, 12.9802, 1.0000]","[0.3636, -0.0000, 0.0000, -10.0649]
[-0.0000, 0.3636, -0.0000, -10.3834]
[0.0000, -0.0000, 0.3636, -4.7201]
[-0.0000, 0.0000, -0.0000, 1.0000]",1,0,-10,-11
"[2.7500, 0.0000, 0.0000, 0.0000]
[0.0000, 2.7500, 0.0000, 0.0000]
[0.0000, 0.0000, 2.7500, 0.0000]
[27.6785, 28.5545, 12.9802, 1.0000]","[0.3636, -0.0000, 0.0000, -10.0649]
[-0.0000, 0.3636, -0.0000, -10.3834]
[0.0000, -0.0000, 0.3636, -4.7201]
[-0.0000, 0.0000, -0.0000, 1.0000]",1,1,-10,-11
"[2.7500, 0.0000, 0.0000, 0.0000]
[0.0000, 2.7500, 0.0000, 0.0000]
[0.0000, 0.0000, 2.7500, 0.0000]
[27.6785, 28.5545, 12.9802, 1.0000]","[0.3636, -0.0000, 0.0000, -10.0649]
[-0.0000, 0.3636, -0.0000, -10.3834]
[0.0000, -0.0000, 0.3636, -4.7201]
[-0.0000, 0.0000, -0.0000, 1.0000]",1,2,-10,-11
"[2.7500, 0.0000, 0.0000, 0.0000]
[0.0000, 2.7500, 0.0000, 0.0000]
[0.0000, 0.0000, 2.7500, 0.0000]
[0.3824, 21.6015, 0.3152, 1.0000]","[0.3636, -0.0000, 0.0000, -0.1391]
[-0.0000, 0.3636, -0.0000, -7.8551]
[0.0000, -0.0000, 0.3636, -0.1146]
[-0.0000, 0.0000, -0.0000, 1.0000]",1,19,-10,-11
"[2.7500, 0.0000, 0.0000, 0.0000]
[0.0000, 2.7500, 0.0000, 0.0000]
[0.0000, 0.0000, 2.7500, 0.0000]
[0.3824, 21.6015, 0.3152, 1.0000]","[0.3636, -0.0000, 0.0000, -0.1391]
[-0.0000, 0.3636, -0.0000, -7.8551]
[0.0000, -0.0000, 0.3636, -0.1146]
[-0.0000, 0.0000, -0.0000, 1.0000]",1,16,-10,-11
"[2.7500, 0.0000, 0.0000, 0.0000]
[0.0000, 2.7500, 0.0000, 0.0000]
[0.0000, 0.0000, 2.7500, 0.0000]
[0.3824, 21.6015, 0.3152, 1.0000]","[0.3636, -0.0000, 0.0000, -0.1391]
[-0.0000, 0.3636, -0.0000, -7.8551]
[0.0000, -0.0000, 0.3636, -0.1146]
[-0.0000, 0.0000, -0.0000, 1.0000]",1,6,-10,-11
"[2.7500, 0.0000, 0.0000, 0.0000]
[0.0000, 2.7500, 0.0000, 0.0000]
[0.0000, 0.0000, 2.7500, 0.0000]
[0.4213, 23.2044, -0.0799, 1.0000]","[0.3636, -0.0000, 0.0000, -0.1532]
[-0.0000, 0.3636, -0.0000, -8.4380]
[0.0000, -0.0000, 0.3636, 0.0291]
[-0.0000, 0.0000, -0.0000, 1.0000]",1,10,-10,-11
"[2.7500, 0.0000, 0.0000, 0.0000]
[0.0000, 2.7500, 0.0000, 0.0000]
[0.0000, 0.0000, 2.7500, 0.0000]
[-10.6140, 16.7985, 8.5423, 1.0000]","[0.3636, -0.0000, 0.0000, 3.8597]
[-0.0000, 0.3636, -0.0000, -6.1085]
[0.0000, -0.0000, 0.3636, -3.1063]
[-0.0000, 0.0000, -0.0000, 1.0000]",1,10,-10,-11
"[2.7500, 0.0000, 0.0000, 0.0000]
[0.0000, 2.7500, 0.0000, 0.0000]
[0.0000, 0.0000, 2.7500, 0.0000]
[-10.6140, 16.7985, 8.5423, 1.0000]","[0.3636, -0.0000, 0.0000, 3.8597]
[-0.0000, 0.3636, -0.0000, -6.1085]
[0.0000, -0.0000, 0.3636, -3.1063]
[-0.0000, 0.0000, -0.0000, 1.0000]",1,23,-10,-11
"[2.7500, 0.0000, 0.0000, 0.0000]
[0.0000, 2.7500, 0.0000, 0.0000]
[0.0000, 0.0000, 2.7500, 0.0000]
[-10.6140, 16.7985, 8.5423, 1.0000]","[0.3636, -0.0000, 0.0000, 3.8597]
[-0.0000, 0.3636, -0.0000, -6.1085]
[0.0000, -0.0000, 0.3636, -3.1063]
[-0.0000, 0.0000, -0.0000, 1.0000]",1,24,-10,-11
"[2.7500, 0.0000, 0.0000, 0.0000]
[0.0000, 2.7500, 0.0000, 0.0000]
[0.0000, 0.0000, 2.7500, 0.0000]
[0.3932, 16.7963, 8.5339, 1.0000]","[0.3636, -0.0000, 0.0000, -0.1430]
[-0.0000, 0.3636, -0.0000, -6.1078]
[0.0000, -0.0000, 0.3636, -3.1033]
[-0.0000, 0.0000, -0.0000, 1.0000]",1,14,-10,-11
"[2.7500, 0.0000, 0.0000, 0.0000]
[0.0000, 2.7500, 0.0000, 0.0000]
[0.0000, 0.0000, 2.7500, 0.0000]
[0.3932, 16.7963, 8.5339, 1.0000]","[0.3636, -0.0000, 0.0000, -0.1430]
[-0.0000, 0.3636, -0.0000, -6.1078]
[0.0000, -0.0000, 0.3636, -3.1033]
[-0.0000, 0.0000, -0.0000, 1.0000]",1,10,-10,-11
"[2.7500, 0.0000, 0.0000, 0.0000]
[0.0000, 2.7500, 0.0000, 0.0000]
[0.0000, 0.0000, 2.7500, 0.0000]
[0.3932, 16.7963, 8.5339, 1.0000]","[0.3636, -0.0000, 0.0000, -0.1430]
[-0.0000, 0.3636, -0.0000, -6.1078]
[0.0000, -0.0000, 0.3636, -3.1033]
[-0.0000, 0.0000, -0.0000, 1.0000]",1,23,-10,-11
"[2.7500, 0.0000, 0.0000, 0.0000]
[0.0000, 2.7500, 0.0000, 0.0000]
[0.0000, 0.0000, 2.7500, 0.0000]
[0.3932, 16.7963, 8.5339, 1.0000]","[0.3636, -0.0000, 0.0000, -0.1430]
[-0.0000, 0.3636, -0.0000, -6.1078]
[0.0000, -0.0000, 0.3636, -3.1033]
[-0.0000, 0.0000, -0.0000, 1.0000]",1,24,-10,-11
"[2.7500, 0.0000, 0.0000, 0.0000]
[0.0000, 2.7500, 0.0000, 0.0000]
[0.0000, 0.0000, 2.7500, 0.0000]
[11.4349, 16.7985, 8.5344, 1.0000]","[0.3636, -0.0000, 0.0000, -4.1581]
[-0.0000, 0.3636, -0.0000, -6.1085]
[0.0000, -0.0000, 0.3636, -3.1034]
[-0.0000, 0.0000, -0.0000, 1.0000]",1,14,-10,-11
"[2.7500, 0.0000, 0.0000, 0.0000]
[0.0000, 2.7500, 0.0000, 0.0000]
[0.0000, 0.0000, 2.7500, 0.0000]
[11.4349, 16.7985, 8.5344, 1.0000]","[0.3636, -0.0000, 0.0000, -4.1581]
[-0.0000, 0.3636, -0.0000, -6.1085]
[0.0000, -0.0000, 0.3636, -3.1034]
[-0.0000, 0.0000, -0.0000, 1.0000]",1,10,-10,-11
"[2.7500, 0.0000, 0.0000, 0.0000]
[0.0000, 2.7500, 0.0000, 0.0000]
[0.0000, 0.0000, 2.7500, 0.0000]
[11.4349, 16.7985, 8.5344, 1.0000]","[0.3636, -0.0000, 0.0000, -4.1581]
[-0.0000, 0.3636, -0.0000, -6.1085]
[0.0000, -0.0000, 0.3636, -3.1034]
[-0.0000, 0.0000, -0.0000, 1.0000]",1,23,-10,-11
"[2.7500, 0.0000, 0.0000, 0.0000]
[0.0000, 2.7500, 0.0000, 0.0000]
[0.0000, 0.0000, 2.7500, 0.0000]
[11.4349, 16.7985, 8.5344, 1.0000]","[0.3636, -0.0000, 0.0000, -4.1581]
[-0.0000, 0.3636, -0.0000, -6.1085]
[0.0000, -0.0000, 0.3636, -3.1034]
[-0.0000, 0.0000, -0.0000, 1.0000]",1,24,-10,-11
"[2.7500, 0.0000, 0.0000, 0.0000]
[0.0000, 2.7500, 0.0000, 0.0000]
[0.0000, 0.0000, 2.7500, 0.0000]
[22.8763, 16.7985, 8.1928, 1.0000]","[0.3636, -0.0000, 0.0000, -8.3187]
[-0.0000, 0.3636, -0.0000, -6.1085]
[0.0000, -0.0000, 0.3636, -2.9792]
[-0.0000, 0.0000, -0.0000, 1.0000]",1,14,-10,-11
"[2.7500, 0.0000, 0.0000, 0.0000]
[0.0000, 2.7500, 0.0000, 0.0000]
[0.0000, 0.0000, 2.7500, 0.0000]
[22.8763, 16.7985, 8.1928, 1.0000]","[0.3636, -0.0000, 0.0000, -8.3187]
[-0.0000, 0.3636, -0.0000, -6.1085]
[0.0000, -0.0000, 0.3636, -2.9792]
[-0.0000, 0.0000, -0.0000, 1.0000]",1,10,-10,-11
"[2.7500, 0.0000, 0.0000, 0.0000]
[0.0000, 2.7500, 0.0000, 0.0000]
[0.0000, 0.0000, 2.7500, 0.0000]
[22.8763, 16.7985, 8.1928, 1.0000]","[0.3636, -0.0000, 0.0000, -8.3187]
[-0.0000, 0.3636, -0.0000, -6.1085]
[0.0000, -0.0000, 0.3636, -2.9792]
[-0.0000, 0.0000, -0.0000, 1.0000]",1,23,-10,-11
"[2.7500, 0.0000, 0.0000, 0.0000]
[0.0000, 2.7500, 0.0000, 0.0000]
[0.0000, 0.0000, 2.7500, 0.0000]
[22.8763, 16.7985, 8.1928, 1.0000]","[0.3636, -0.0000, 0.0000, -8.3187]
[-0.0000, 0.3636, -0.0000, -6.1085]
[0.0000, -0.0000, 0.3636, -2.9792]
[-0.0000, 0.0000, -0.0000, 1.0000]",1,24,-10,-11
"[2.7500, 0.0000, 0.0000, 0.0000]
[0.0000, 2.7500, 0.0000, 0.0000]
[0.0000, 0.0000, 2.7500, 0.0000]
[-10.6140, 16.7985, -8.6116, 1.0000]","[0.3636, -0.0000, 0.0000, 3.8597]
[-0.0000, 0.3636, -0.0000, -6.1085]
[0.0000, -0.0000, 0.3636, 3.1315]
[-0.0000, 0.0000, -0.0000, 1.0000]",1,10,-10,-11
"[2.7500, 0.0000, 0.0000, 0.0000]
[0.0000, 2.7500, 0.0000, 0.0000]
[0.0000, 0.0000, 2.7500, 0.0000]
[-10.6140, 16.7985, -8.6116, 1.0000]","[0.3636, -0.0000, 0.0000, 3.8597]
[-0.0000, 0.3636, -0.0000, -6.1085]
[0.0000, -0.0000, 0.3636, 3.1315]
[-0.0000, 0.0000, -0.0000, 1.0000]",1,23,-10,-11
"[2.7500, 0.0000, 0.0000, 0.0000]
[0.0000, 2.7500, 0.0000, 0.0000]
[0.0000, 0.0000, 2.7500, 0.0000]
[-10.6140, 16.7985, -8.6116, 1.0000]","[0.3636, -0.0000, 0.0000, 3.8597]
[-0.0000, 0.3636, -0.0000, -6.1085]
[0.0000, -0.0000, 0.3636, 3.1315]
[-0.0000, 0.0000, -0.0000, 1.0000]",1,24,-10,-11
"[2.7500, 0.0000, 0.0000, 0.0000]
[0.0000, 2.7500, 0.0000, 0.0000]
[0.0000, 0.0000, 2.7500, 0.0000]
[0.4054, 16.7963, -8.5821, 1.0000]","[0.3636, -0.0000, 0.0000, -0.1474]
[-0.0000, 0.3636, -0.0000, -6.1078]
[0.0000, -0.0000, 0.3636, 3.1208]
[-0.0000, 0.0000, -0.0000, 1.0000]",1,14,-10,-11
"[2.7500, 0.0000, 0.0000, 0.0000]
[0.0000, 2.7500, 0.0000, 0.0000]
[0.0000, 0.0000, 2.7500, 0.0000]
[0.4054, 16.7963, -8.5821, 1.0000]","[0.3636, -0.0000, 0.0000, -0.1474]
[-0.0000, 0.3636, -0.0000, -6.1078]
[0.0000, -0.0000, 0.3636, 3.1208]
[-0.0000, 0.0000, -0.0000, 1.0000]",1,10,-10,-11
"[2.7500, 0.0000, 0.0000, 0.0000]
[0.0000, 2.7500, 0.0000, 0.0000]
[0.0000, 0.0000, 2.7500, 0.0000]
[0.4054, 16.7963, -8.5821, 1.0000]","[0.3636, -0.0000, 0.0000, -0.1474]
[-0.0000, 0.3636, -0.0000, -6.1078]
[0.0000, -0.0000, 0.3636, 3.1208]
[-0.0000, 0.0000, -0.0000, 1.0000]",1,23,-10,-11
"[2.7500, 0.0000, 0.0000, 0.0000]
[0.0000, 2.7500, 0.0000, 0.0000]
[0.0000, 0.0000, 2.7500, 0.0000]
[0.4054, 16.7963, -8.5821, 1.0000]","[0.3636, -0.0000, 0.0000, -0.1474]
[-0.0000, 0.3636, -0.0000, -6.1078]
[0.0000, -0.0000, 0.3636, 3.1208]
[-0.0000, 0.0000, -0.0000, 1.0000]",1,24,-10,-11
"[2.7500, 0.0000, 0.0000, 0.0000]
[0.0000, 2.7500, 0.0000, 0.0000]
[0.0000, 0.0000, 2.7500, 0.0000]
[11.4070, 16.7985, -8.6009, 1.0000]","[0.3636, -0.0000, 0.0000, -4.1480]
[-0.0000, 0.3636, -0.0000, -6.1085]
[0.0000, -0.0000, 0.3636, 3.1276]
[-0.0000, 0.0000, -0.0000, 1.0000]",1,10,-10,-11
"[2.7500, 0.0000, 0.0000, 0.0000]
[0.0000, 2.7500, 0.0000, 0.0000]
[0.0000, 0.0000, 2.7500, 0.0000]
[11.4070, 16.7985, -8.6009, 1.0000]","[0.3636, -0.0000, 0.0000, -4.1480]
[-0.0000, 0.3636, -0.0000, -6.1085]
[0.0000, -0.0000, 0.3636, 3.1276]
[-0.0000, 0.0000, -0.0000, 1.0000]",1,23,-10,-11
"[2.7500, 0.0000, 0.0000, 0.0000]
[0.0000, 2.7500, 0.0000, 0.0000]
[0.0000, 0.0000, 2.7500, 0.0000]
[11.4070, 16.7985, -8.6009, 1.0000]","[0.3636, -0.0000, 0.0000, -4.1480]
[-0.0000, 0.3636, -0.0000, -6.1085]
[0.0000, -0.0000, 0.3636, 3.1276]
[-0.0000, 0.0000, -0.0000, 1.0000]",1,24,-10,-11
"[2.7500, 0.0000, 0.0000, 0.0000]
[0.0000, 2.7500, 0.0000, 0.0000]
[0.0000, 0.0000, 2.7500, 0.0000]
[22.8739, 16.7985, -8.2028, 1.0000]","[0.3636, -0.0000, 0.0000, -8.3178]
[-0.0000, 0.3636, -0.0000, -6.1085]
[0.0000, -0.0000, 0.3636, 2.9828]
[-0.0000, 0.0000, -0.0000, 1.0000]",1,10,-10,-11
"[2.7500, 0.0000, 0.0000, 0.0000]
[0.0000, 2.7500, 0.0000, 0.0000]
[0.0000, 0.0000, 2.7500, 0.0000]
[22.8739, 16.7985, -8.2028, 1.0000]","[0.3636, -0.0000, 0.0000, -8.3178]
[-0.0000, 0.3636, -0.0000, -6.1085]
[0.0000, -0.0000, 0.3636, 2.9828]
[-0.0000, 0.0000, -0.0000, 1.0000]",1,23,-10,-11
"[2.7500, 0.0000, 0.0000, 0.0000]
[0.0000, 2.7500, 0.0000, 0.0000]
[0.0000, 0.0000, 2.7500, 0.0000]
[22.8739, 16.7985, -8.2028, 1.0000]","[0.3636, -0.0000, 0.0000, -8.3178]
[-0.0000, 0.3636, -0.0000, -6.1085]
[0.0000, -0.0000, 0.3636, 2.9828]
[-0.0000, 0.0000, -0.0000, 1.0000]",1,24,-10,-11
"[2.7500, 0.0000, 0.0000, 0.0000]
[0.0000, 2.7500, 0.0000, 0.0000]
[0.0000, 0.0000, 2.7500, 0.0000]
[-5.1133, 16.7754, -8.4833, 1.0000]","[0.3636, -0.0000, 0.0000, 1.8594]
[-0.0000, 0.3636, -0.0000, -6.1002]
[0.0000, -0.0000, 0.3636, 3.0848]
[-0.0000, 0.0000, -0.0000, 1.0000]",1,5,-10,-11
"[2.7500, 0.0000, 0.0000, 0.0000]
[0.0000, 2.7500, 0.0000, 0.0000]
[0.0000, 0.0000, 2.7500, 0.0000]
[-5.1133, 16.7754, -8.4833, 1.0000]","[0.3636, -0.0000, 0.0000, 1.8594]
[-0.0000, 0.3636, -0.0000, -6.1002]
[0.0000, -0.0000, 0.3636, 3.0848]
[-0.0000, 0.0000, -0.0000, 1.0000]",1,22,-10,-11
"[2.7500, 0.0000, 0.0000, 0.0000]
[0.0000, 2.7500, 0.0000, 0.0000]
[0.0000, 0.0000, 2.7500, 0.0000]
[5.9540, 16.7754, -8.4833, 1.0000]","[0.3636, -0.0000, 0.0000, -2.1651]
[-0.0000, 0.3636, -0.0000, -6.1002]
[0.0000, -0.0000, 0.3636, 3.0848]
[-0.0000, 0.0000, -0.0000, 1.0000]",1,5,-10,-11
"[2.7500, 0.0000, 0.0000, 0.0000]
[0.0000, 2.7500, 0.0000, 0.0000]
[0.0000, 0.0000, 2.7500, 0.0000]
[5.9540, 16.7754, -8.4833, 1.0000]","[0.3636, -0.0000, 0.0000, -2.1651]
[-0.0000, 0.3636, -0.0000, -6.1002]
[0.0000, -0.0000, 0.3636, 3.0848]
[-0.0000, 0.0000, -0.0000, 1.0000]",1,22,-10,-11
"[2.7500, 0.0000, 0.0000, 0.0000]
[0.0000, 2.7500, 0.0000, 0.0000]
[0.0000, 0.0000, 2.7500, 0.0000]
[16.9225, 16.7754, -8.4833, 1.0000]","[0.3636, -0.0000, 0.0000, -6.1536]
[-0.0000, 0.3636, -0.0000, -6.1002]
[0.0000, -0.0000, 0.3636, 3.0848]
[-0.0000, 0.0000, -0.0000, 1.0000]",1,5,-10,-11
"[2.7500, 0.0000, 0.0000, 0.0000]
[0.0000, 2.7500, 0.0000, 0.0000]
[0.0000, 0.0000, 2.7500, 0.0000]
[16.9225, 16.7754, -8.4833, 1.0000]","[0.3636, -0.0000, 0.0000, -6.1536]
[-0.0000, 0.3636, -0.0000, -6.1002]
[0.0000, -0.0000, 0.3636, 3.0848]
[-0.0000, 0.0000, -0.0000, 1.0000]",1,22,-10,-11
"[2.7500, 0.0000, 0.0000, 0.0000]
[0.0000, 2.7500, 0.0000, 0.0000]
[0.0000, 0.0000, 2.7500, 0.0000]
[-5.1381, 16.7754, 8.4492, 1.0000]","[0.3636, -0.0000, 0.0000, 1.8684]
[-0.0000, 0.3636, -0.0000, -6.1002]
[0.0000, -0.0000, 0.3636, -3.0724]
[-0.0000, 0.0000, -0.0000, 1.0000]",1,5,-10,-11
"[2.7500, 0.0000, 0.0000, 0.0000]
[0.0000, 2.7500, 0.0000, 0.0000]
[0.0000, 0.0000, 2.7500, 0.0000]
[-5.1381, 16.7754, 8.4492, 1.0000]","[0.3636, -0.0000, 0.0000, 1.8684]
[-0.0000, 0.3636, -0.0000, -6.1002]
[0.0000, -0.0000, 0.3636, -3.0724]
[-0.0000, 0.0000, -0.0000, 1.0000]",1,22,-10,-11
"[2.7500, 0.0000, 0.0000, 0.0000]
[0.0000, 2.7500, 0.0000, 0.0000]
[0.0000, 0.0000, 2.7500, 0.0000]
[5.9293, 16.7754, 8.4492, 1.0000]","[0.3636, -0.0000, 0.0000, -2.1561]
[-0.0000, 0.3636, -0.0000, -6.1002]
[0.0000, -0.0000, 0.3636, -3.0724]
[-0.0000, 0.0000, -0.0000, 1.0000]",1,5,-10,-11
"[2.7500, 0.0000, 0.0000, 0.0000]
[0.0000, 2.7500, 0.0000, 0.0000]
[0.0000, 0.0000, 2.7500, 0.0000]
[5.9293, 16.7754, 8.4492, 1.0000]","[0.3636, -0.0000, 0.0000, -2.1561]
[-0.0000, 0.3636, -0.0000, -6.1002]
[0.0000, -0.0000, 0.3636, -3.0724]
[-0.0000, 0.0000, -0.0000, 1.0000]",1,22,-10,-11
"[2.7500, 0.0000, 0.0000, 0.0000]
[0.0000, 2.7500, 0.0000, 0.0000]
[0.0000, 0.0000, 2.7500, 0.0000]
[16.9682, 16.7754, 8.4492, 1.0000]","[0.3636, -0.0000, 0.0000, -6.1702]
[-0.0000, 0.3636, -0.0000, -6.1002]
[0.0000, -0.0000, 0.3636, -3.0724]
[-0.0000, 0.0000, -0.0000, 1.0000]",1,5,-10,-11
"[2.7500, 0.0000, 0.0000, 0.0000]
[0.0000, 2.7500, 0.0000, 0.0000]
[0.0000, 0.0000, 2.7500, 0.0000]
[16.9682, 16.7754, 8.4492, 1.0000]","[0.3636, -0.0000, 0.0000, -6.1702]
[-0.0000, 0.3636, -0.0000, -6.1002]
[0.0000, -0.0000, 0.3636, -3.0724]
[-0.0000, 0.0000, -0.0000, 1.0000]",1,22,-10,-11
"[2.7500, 0.0000, 0.0000, 0.0000]
[0.0000, 2.7500, 0.0000, 0.0000]
[0.0000, 0.0000, 2.7500, 0.0000]
[23.1564, 16.7754, -0.0842, 1.0000]","[0.3636, -0.0000, 0.0000, -8.4205]
[-0.0000, 0.3636, -0.0000, -6.1002]
[0.0000, -0.0000, 0.3636, 0.0306]
[-0.0000, 0.0000, -0.0000, 1.0000]",1,5,-10,-11
"[2.7500, 0.0000, 0.0000, 0.0000]
[0.0000, 2.7500, 0.0000, 0.0000]
[0.0000, 0.0000, 2.7500, 0.0000]
[23.1564, 16.7754, -0.0842, 1.0000]","[0.3636, -0.0000, 0.0000, -8.4205]
[-0.0000, 0.3636, -0.0000, -6.1002]
[0.0000, -0.0000, 0.3636, 0.0306]
[-0.0000, 0.0000, -0.0000, 1.0000]",1,22,-10,-11
"[2.7500, 0.0000, 0.0000, 0.0000]
[0.0000, 2.7500, 0.0000, 0.0000]
[0.0000, 0.0000, 2.7500, 0.0000]
[6.2544, 14.9901, -20.5384, 1.0000]","[0.3636, -0.0000, 0.0000, -2.2743]
[-0.0000, 0.3636, -0.0000, -5.4509]
[0.0000, -0.0000, 0.3636, 7.4685]
[-0.0000, 0.0000, -0.0000, 1.0000]",1,7,-10,-11
"[2.7500, 0.0000, 0.0000, 0.0000]
[0.0000, 2.7500, 0.0000, 0.0000]
[0.0000, 0.0000, 2.7500, 0.0000]
[6.2544, 14.9901, -20.5384, 1.0000]","[0.3636, -0.0000, 0.0000, -2.2743]
[-0.0000, 0.3636, -0.0000, -5.4509]
[0.0000, -0.0000, 0.3636, 7.4685]
[-0.0000, 0.0000, -0.0000, 1.0000]",1,8,-10,-11
"[2.7500, 0.0000, 0.0000, 0.0000]
[0.0000, 2.7500, 0.0000, 0.0000]
[0.0000, 0.0000, 2.7500, 0.0000]
[6.2544, 14.9901, -20.5384, 1.0000]","[0.3636, -0.0000, 0.0000, -2.2743]
[-0.0000, 0.3636, -0.0000, -5.4509]
[0.0000, -0.0000, 0.3636, 7.4685]
[-0.0000, 0.0000, -0.0000, 1.0000]",1,0,-10,-11
"[2.7500, 0.0000, 0.0000, 0.0000]
[0.0000, 2.7500, 0.0000, 0.0000]
[0.0000, 0.0000, 2.7500, 0.0000]
[6.2544, 14.9901, -20.5384, 1.0000]","[0.3636, -0.0000, 0.0000, -2.2743]
[-0.0000, 0.3636, -0.0000, -5.4509]
[0.0000, -0.0000, 0.3636, 7.4685]
[-0.0000, 0.0000, -0.0000, 1.0000]",1,4,-10,-11
"[2.7500, 0.0000, 0.0000, 0.0000]
[0.0000, 2.7500, 0.0000, 0.0000]
[0.0000, 0.0000, 2.7500, 0.0000]
[16.9415, 14.9396, -20.4952, 1.0000]","[0.3636, -0.0000, 0.0000, -6.1605]
[-0.0000, 0.3636, -0.0000, -5.4326]
[0.0000, -0.0000, 0.3636, 7.4528]
[-0.0000, 0.0000, -0.0000, 1.0000]",1,9,-10,-11
"[2.7500, 0.0000, 0.0000, 0.0000]
[0.0000, 2.7500, 0.0000, 0.0000]
[0.0000, 0.0000, 2.7500, 0.0000]
[16.9415, 14.9396, -20.4952, 1.0000]","[0.3636, -0.0000, 0.0000, -6.1605]
[-0.0000, 0.3636, -0.0000, -5.4326]
[0.0000, -0.0000, 0.3636, 7.4528]
[-0.0000, 0.0000, -0.0000, 1.0000]",1,5,-10,-11
"[2.7500, 0.0000, 0.0000, 0.0000]
[0.0000, 2.7500, 0.0000, 0.0000]
[0.0000, 0.0000, 2.7500, 0.0000]
[16.9415, 14.9396, -20.4952, 1.0000]","[0.3636, -0.0000, 0.0000, -6.1605]
[-0.0000, 0.3636, -0.0000, -5.4326]
[0.0000, -0.0000, 0.3636, 7.4528]
[-0.0000, 0.0000, -0.0000, 1.0000]",1,3,-10,-11
"[2.7500, 0.0000, 0.0000, 0.0000]
[0.0000, 2.7500, 0.0000, 0.0000]
[0.0000, 0.0000, 2.7500, 0.0000]
[16.9415, 14.9396, -20.4952, 1.0000]","[0.3636, -0.0000, 0.0000, -6.1605]
[-0.0000, 0.3636, -0.0000, -5.4326]
[0.0000, -0.0000, 0.3636, 7.4528]
[-0.0000, 0.0000, -0.0000, 1.0000]",1,0,-10,-11
"[2.7500, 0.0000, 0.0000, 0.0000]
[0.0000, 2.7500, 0.0000, 0.0000]
[0.0000, 0.0000, 2.7500, 0.0000]
[16.9415, 14.9396, -20.4952, 1.0000]","[0.3636, -0.0000, 0.0000, -6.1605]
[-0.0000, 0.3636, -0.0000, -5.4326]
[0.0000, -0.0000, 0.3636, 7.4528]
[-0.0000, 0.0000, -0.0000, 1.0000]",1,6,-10,-11
"[2.7500, 0.0000, 0.0000, 0.0000]
[0.0000, 2.7500, 0.0000, 0.0000]
[0.0000, 0.0000, 2.7500, 0.0000]
[27.6610, 14.9901, -20.5384, 1.0000]","[0.3636, -0.0000, 0.0000, -10.0585]
[-0.0000, 0.3636, -0.0000, -5.4509]
[0.0000, -0.0000, 0.3636, 7.4685]
[-0.0000, 0.0000, -0.0000, 1.0000]",1,7,-10,-11
"[2.7500, 0.0000, 0.0000, 0.0000]
[0.0000, 2.7500, 0.0000, 0.0000]
[0.0000, 0.0000, 2.7500, 0.0000]
[27.6610, 14.9901, -20.5384, 1.0000]","[0.3636, -0.0000, 0.0000, -10.0585]
[-0.0000, 0.3636, -0.0000, -5.4509]
[0.0000, -0.0000, 0.3636, 7.4685]
[-0.0000, 0.0000, -0.0000, 1.0000]",1,5,-10,-11
"[2.7500, 0.0000, 0.0000, 0.0000]
[0.0000, 2.7500, 0.0000, 0.0000]
[0.0000, 0.0000, 2.7500, 0.0000]
[27.6610, 14.9901, -20.5384, 1.0000]","[0.3636, -0.0000, 0.0000, -10.0585]
[-0.0000, 0.3636, -0.0000, -5.4509]
[0.0000, -0.0000, 0.3636, 7.4685]
[-0.0000, 0.0000, -0.0000, 1.0000]",1,8,-10,-11
"[2.7500, 0.0000, 0.0000, 0.0000]
[0.0000, 2.7500, 0.0000, 0.0000]
[0.0000, 0.0000, 2.7500, 0.0000]
[27.6610, 14.9901, -20.5384, 1.0000]","[0.3636, -0.0000, 0.0000, -10.0585]
[-0.0000, 0.3636, -0.0000, -5.4509]
[0.0000, -0.0000, 0.3636, 7.4685]
[-0.0000, 0.0000, -0.0000, 1.0000]",1,0,-10,-11
"[2.7500, 0.0000, 0.0000, 0.0000]
[0.0000, 2.7500, 0.0000, 0.0000]
[0.0000, 0.0000, 2.7500, 0.0000]
[27.6610, 14.9901, -20.5384, 1.0000]","[0.3636, -0.0000, 0.0000, -10.0585]
[-0.0000, 0.3636, -0.0000, -5.4509]
[0.0000, -0.0000, 0.3636, 7.4685]
[-0.0000, 0.0000, -0.0000, 1.0000]",1,4,-10,-11
"[2.7500, 0.0000, 0.0000, 0.0000]
[0.0000, 2.7500, 0.0000, 0.0000]
[0.0000, 0.0000, 2.7500, 0.0000]
[27.6610, 14.9901, -20.5384, 1.0000]","[0.3636, -0.0000, 0.0000, -10.0585]
[-0.0000, 0.3636, -0.0000, -5.4509]
[0.0000, -0.0000, 0.3636, 7.4685]
[-0.0000, 0.0000, -0.0000, 1.0000]",1,6,-10,-11
"[2.7500, 0.0000, 0.0000, 0.0000]
[0.0000, 2.7500, 0.0000, 0.0000]
[0.0000, 0.0000, 2.7500, 0.0000]
[-26.4959, 14.9901, -20.5384, 1.0000]","[0.3636, -0.0000, 0.0000, 9.6349]
[-0.0000, 0.3636, -0.0000, -5.4509]
[0.0000, -0.0000, 0.3636, 7.4685]
[-0.0000, 0.0000, -0.0000, 1.0000]",1,7,-10,-11
"[2.7500, 0.0000, 0.0000, 0.0000]
[0.0000, 2.7500, 0.0000, 0.0000]
[0.0000, 0.0000, 2.7500, 0.0000]
[-26.4959, 14.9901, -20.5384, 1.0000]","[0.3636, -0.0000, 0.0000, 9.6349]
[-0.0000, 0.3636, -0.0000, -5.4509]
[0.0000, -0.0000, 0.3636, 7.4685]
[-0.0000, 0.0000, -0.0000, 1.0000]",1,8,-10,-11
"[2.7500, 0.0000, 0.0000, 0.0000]
[0.0000, 2.7500, 0.0000, 0.0000]
[0.0000, 0.0000, 2.7500, 0.0000]
[-26.4959, 14.9901, -20.5384, 1.0000]","[0.3636, -0.0000, 0.0000, 9.6349]
[-0.0000, 0.3636, -0.0000, -5.4509]
[0.0000, -0.0000, 0.3636, 7.4685]
[-0.0000, 0.0000, -0.0000, 1.0000]",1,0,-10,-11
"[2.7500, 0.0000, 0.0000, 0.0000]
[0.0000, 2.7500, 0.0000, 0.0000]
[0.0000, 0.0000, 2.7500, 0.0000]
[-26.4959, 14.9901, -20.5384, 1.0000]","[0.3636, -0.0000, 0.0000, 9.6349]
[-0.0000, 0.3636, -0.0000, -5.4509]
[0.0000, -0.0000, 0.3636, 7.4685]
[-0.0000, 0.0000, -0.0000, 1.0000]",1,4,-10,-11
"[2.7500, 0.0000, 0.0000, 0.0000]
[0.0000, 2.7500, 0.0000, 0.0000]
[0.0000, 0.0000, 2.7500, 0.0000]
[-34.1088, 14.9535, 0.3427, 1.0000]","[0.3636, -0.0000, 0.0000, 12.4032]
[-0.0000, 0.3636, -0.0000, -5.4376]
[0.0000, -0.0000, 0.3636, -0.1246]
[-0.0000, 0.0000, -0.0000, 1.0000]",1,5,-10,-11
"[2.7500, 0.0000, 0.0000, 0.0000]
[0.0000, 2.7500, 0.0000, 0.0000]
[0.0000, 0.0000, 2.7500, 0.0000]
[-34.1088, 14.9535, 0.3427, 1.0000]","[0.3636, -0.0000, 0.0000, 12.4032]
[-0.0000, 0.3636, -0.0000, -5.4376]
[0.0000, -0.0000, 0.3636, -0.1246]
[-0.0000, 0.0000, -0.0000, 1.0000]",1,3,-10,-11
"[2.7500, 0.0000, 0.0000, 0.0000]
[0.0000, 2.7500, 0.0000, 0.0000]
[0.0000, 0.0000, 2.7500, 0.0000]
[-34.1088, 14.9535, 0.3427, 1.0000]","[0.3636, -0.0000, 0.0000, 12.4032]
[-0.0000, 0.3636, -0.0000, -5.4376]
[0.0000, -0.0000, 0.3636, -0.1246]
[-0.0000, 0.0000, -0.0000, 1.0000]",1,0,-10,-11
"[2.7500, 0.0000, 0.0000, 0.0000]
[0.0000, 2.7500, 0.0000, 0.0000]
[0.0000, 0.0000, 2.7500, 0.0000]
[-34.1088, 14.9535, 0.3427, 1.0000]","[0.3636, -0.0000, 0.0000, 12.4032]
[-0.0000, 0.3636, -0.0000, -5.4376]
[0.0000, -0.0000, 0.3636, -0.1246]
[-0.0000, 0.0000, -0.0000, 1.0000]",1,4,-10,-11
"[2.7500, 0.0000, 0.0000, 0.0000]
[0.0000, 2.7500, 0.0000, 0.0000]
[0.0000, 0.0000, 2.7500, 0.0000]
[-34.1088, 14.9535, 0.3427, 1.0000]","[0.3636, -0.0000, 0.0000, 12.4032]
[-0.0000, 0.3636, -0.0000, -5.4376]
[0.0000, -0.0000, 0.3636, -0.1246]
[-0.0000, 0.0000, -0.0000, 1.0000]",1,6,-10,-11
"[2.7500, 0.0000, 0.0000, 0.0000]
[0.0000, 2.7500, 0.0000, 0.0000]
[0.0000, 0.0000, 2.7500, 0.0000]
[-34.1596, 14.9901, -12.9474, 1.0000]","[0.3636, -0.0000, 0.0000, 12.4217]
[-0.0000, 0.3636, -0.0000, -5.4509]
[0.0000, -0.0000, 0.3636, 4.7081]
[-0.0000, 0.0000, -0.0000, 1.0000]",1,7,-10,-11
"[2.7500, 0.0000, 0.0000, 0.0000]
[0.0000, 2.7500, 0.0000, 0.0000]
[0.0000, 0.0000, 2.7500, 0.0000]
[-34.1596, 14.9901, -12.9474, 1.0000]","[0.3636, -0.0000, 0.0000, 12.4217]
[-0.0000, 0.3636, -0.0000, -5.4509]
[0.0000, -0.0000, 0.3636, 4.7081]
[-0.0000, 0.0000, -0.0000, 1.0000]",1,5,-10,-11
"[2.7500, 0.0000, 0.0000, 0.0000]
[0.0000, 2.7500, 0.0000, 0.0000]
[0.0000, 0.0000, 2.7500, 0.0000]
[-34.1596, 14.9901, -12.9474, 1.0000]","[0.3636, -0.0000, 0.0000, 12.4217]
[-0.0000, 0.3636, -0.0000, -5.4509]
[0.0000, -0.0000, 0.3636, 4.7081]
[-0.0000, 0.0000, -0.0000, 1.0000]",1,8,-10,-11
"[2.7500, 0.0000, 0.0000, 0.0000]
[0.0000, 2.7500, 0.0000, 0.0000]
[0.0000, 0.0000, 2.7500, 0.0000]
[-34.1596, 14.9901, -12.9474, 1.0000]","[0.3636, -0.0000, 0.0000, 12.4217]
[-0.0000, 0.3636, -0.0000, -5.4509]
[0.0000, -0.0000, 0.3636, 4.7081]
[-0.0000, 0.0000, -0.0000, 1.0000]",1,0,-10,-11
"[2.7500, 0.0000, 0.0000, 0.0000]
[0.0000, 2.7500, 0.0000, 0.0000]
[0.0000, 0.0000, 2.7500, 0.0000]
[-34.1596, 14.9901, -12.9474, 1.0000]","[0.3636, -0.0000, 0.0000, 12.4217]
[-0.0000, 0.3636, -0.0000, -5.4509]
[0.0000, -0.0000, 0.3636, 4.7081]
[-0.0000, 0.0000, -0.0000, 1.0000]",1,4,-10,-11
"[2.7500, 0.0000, 0.0000, 0.0000]
[0.0000, 2.7500, 0.0000, 0.0000]
[0.0000, 0.0000, 2.7500, 0.0000]
[-34.1596, 14.9901, -12.9474, 1.0000]","[0.3636, -0.0000, 0.0000, 12.4217]
[-0.0000, 0.3636, -0.0000, -5.4509]
[0.0000, -0.0000, 0.3636, 4.7081]
[-0.0000, 0.0000, -0.0000, 1.0000]",1,6,-10,-11
"[2.7500, 0.0000, 0.0000, 0.0000]
[0.0000, 2.7500, 0.0000, 0.0000]
[0.0000, 0.0000, 2.7500, 0.0000]
[-34.1672, 14.9901, 12.9189, 1.0000]","[0.3636, -0.0000, 0.0000, 12.4244]
[-0.0000, 0.3636, -0.0000, -5.4509]
[0.0000, -0.0000, 0.3636, -4.6978]
[-0.0000, 0.0000, -0.0000, 1.0000]",1,7,-10,-11
"[2.7500, 0.0000, 0.0000, 0.0000]
[0.0000, 2.7500, 0.0000, 0.0000]
[0.0000, 0.0000, 2.7500, 0.0000]
[-34.1672, 14.9901, 12.9189, 1.0000]","[0.3636, -0.0000, 0.0000, 12.4244]
[-0.0000, 0.3636, -0.0000, -5.4509]
[0.0000, -0.0000, 0.3636, -4.6978]
[-0.0000, 0.0000, -0.0000, 1.0000]",1,5,-10,-11
"[2.7500, 0.0000, 0.0000, 0.0000]
[0.0000, 2.7500, 0.0000, 0.0000]
[0.0000, 0.0000, 2.7500, 0.0000]
[-34.1672, 14.9901, 12.9189, 1.0000]","[0.3636, -0.0000, 0.0000, 12.4244]
[-0.0000, 0.3636, -0.0000, -5.4509]
[0.0000, -0.0000, 0.3636, -4.6978]
[-0.0000, 0.0000, -0.0000, 1.0000]",1,8,-10,-11
"[2.7500, 0.0000, 0.0000, 0.0000]
[0.0000, 2.7500, 0.0000, 0.0000]
[0.0000, 0.0000, 2.7500, 0.0000]
[-34.1672, 14.9901, 12.9189, 1.0000]","[0.3636, -0.0000, 0.0000, 12.4244]
[-0.0000, 0.3636, -0.0000, -5.4509]
[0.0000, -0.0000, 0.3636, -4.6978]
[-0.0000, 0.0000, -0.0000, 1.0000]",1,0,-10,-11
"[2.7500, 0.0000, 0.0000, 0.0000]
[0.0000, 2.7500, 0.0000, 0.0000]
[0.0000, 0.0000, 2.7500, 0.0000]
[-34.1672, 14.9901, 12.9189, 1.0000]","[0.3636, -0.0000, 0.0000, 12.4244]
[-0.0000, 0.3636, -0.0000, -5.4509]
[0.0000, -0.0000, 0.3636, -4.6978]
[-0.0000, 0.0000, -0.0000, 1.0000]",1,4,-10,-11
"[2.7500, 0.0000, 0.0000, 0.0000]
[0.0000, 2.7500, 0.0000, 0.0000]
[0.0000, 0.0000, 2.7500, 0.0000]
[-34.1672, 14.9901, 12.9189, 1.0000]","[0.3636, -0.0000, 0.0000, 12.4244]
[-0.0000, 0.3636, -0.0000, -5.4509]
[0.0000, -0.0000, 0.3636, -4.6978]
[-0.0000, 0.0000, -0.0000, 1.0000]",1,6,-10,-11
"[2.7500, 0.0000, 0.0000, 0.0000]
[0.0000, 2.7500, 0.0000, 0.0000]
[0.0000, 0.0000, 2.7500, 0.0000]
[6.2067, 14.9901, 20.4328, 1.0000]","[0.3636, -0.0000, 0.0000, -2.2570]
[-0.0000, 0.3636, -0.0000, -5.4509]
[0.0000, -0.0000, 0.3636, -7.4301]
[-0.0000, 0.0000, -0.0000, 1.0000]",1,7,-10,-11
"[2.7500, 0.0000, 0.0000, 0.0000]
[0.0000, 2.7500, 0.0000, 0.0000]
[0.0000, 0.0000, 2.7500, 0.0000]
[6.2067, 14.9901, 20.4328, 1.0000]","[0.3636, -0.0000, 0.0000, -2.2570]
[-0.0000, 0.3636, -0.0000, -5.4509]
[0.0000, -0.0000, 0.3636, -7.4301]
[-0.0000, 0.0000, -0.0000, 1.0000]",1,8,-10,-11
"[2.7500, 0.0000, 0.0000, 0.0000]
[0.0000, 2.7500, 0.0000, 0.0000]
[0.0000, 0.0000, 2.7500, 0.0000]
[6.2067, 14.9901, 20.4328, 1.0000]","[0.3636, -0.0000, 0.0000, -2.2570]
[-0.0000, 0.3636, -0.0000, -5.4509]
[0.0000, -0.0000, 0.3636, -7.4301]
[-0.0000, 0.0000, -0.0000, 1.0000]",1,0,-10,-11
"[2.7500, 0.0000, 0.0000, 0.0000]
[0.0000, 2.7500, 0.0000, 0.0000]
[0.0000, 0.0000, 2.7500, 0.0000]
[6.2067, 14.9901, 20.4328, 1.0000]","[0.3636, -0.0000, 0.0000, -2.2570]
[-0.0000, 0.3636, -0.0000, -5.4509]
[0.0000, -0.0000, 0.3636, -7.4301]
[-0.0000, 0.0000, -0.0000, 1.0000]",1,4,-10,-11
"[2.7500, 0.0000, 0.0000, 0.0000]
[0.0000, 2.7500, 0.0000, 0.0000]
[0.0000, 0.0000, 2.7500, 0.0000]
[-5.2657, 14.9901, 20.4328, 1.0000]","[0.3636, -0.0000, 0.0000, 1.9148]
[-0.0000, 0.3636, -0.0000, -5.4509]
[0.0000, -0.0000, 0.3636, -7.4301]
[-0.0000, 0.0000, -0.0000, 1.0000]",1,7,-10,-11
"[2.7500, 0.0000, 0.0000, 0.0000]
[0.0000, 2.7500, 0.0000, 0.0000]
[0.0000, 0.0000, 2.7500, 0.0000]
[-5.2657, 14.9901, 20.4328, 1.0000]","[0.3636, -0.0000, 0.0000, 1.9148]
[-0.0000, 0.3636, -0.0000, -5.4509]
[0.0000, -0.0000, 0.3636, -7.4301]
[-0.0000, 0.0000, -0.0000, 1.0000]",1,8,-10,-11
"[2.7500, 0.0000, 0.0000, 0.0000]
[0.0000, 2.7500, 0.0000, 0.0000]
[0.0000, 0.0000, 2.7500, 0.0000]
[-5.2657, 14.9901, 20.4328, 1.0000]","[0.3636, -0.0000, 0.0000, 1.9148]
[-0.0000, 0.3636, -0.0000, -5.4509]
[0.0000, -0.0000, 0.3636, -7.4301]
[-0.0000, 0.0000, -0.0000, 1.0000]",1,0,-10,-11
"[2.7500, 0.0000, 0.0000, 0.0000]
[0.0000, 2.7500, 0.0000, 0.0000]
[0.0000, 0.0000, 2.7500, 0.0000]
[-5.2657, 14.9901, 20.4328, 1.0000]","[0.3636, -0.0000, 0.0000, 1.9148]
[-0.0000, 0.3636, -0.0000, -5.4509]
[0.0000, -0.0000, 0.3636, -7.4301]
[-0.0000, 0.0000, -0.0000, 1.0000]",1,4,-10,-11
"[2.7500, 0.0000, 0.0000, 0.0000]
[0.0000, 2.7500, 0.0000, 0.0000]
[0.0000, 0.0000, 2.7500, 0.0000]
[-16.0629, 14.9901, 20.4328, 1.0000]","[0.3636, -0.0000, 0.0000, 5.8410]
[-0.0000, 0.3636, -0.0000, -5.4509]
[0.0000, -0.0000, 0.3636, -7.4301]
[-0.0000, 0.0000, -0.0000, 1.0000]",1,7,-10,-11
"[2.7500, 0.0000, 0.0000, 0.0000]
[0.0000, 2.7500, 0.0000, 0.0000]
[0.0000, 0.0000, 2.7500, 0.0000]
[-16.0629, 14.9901, 20.4328, 1.0000]","[0.3636, -0.0000, 0.0000, 5.8410]
[-0.0000, 0.3636, -0.0000, -5.4509]
[0.0000, -0.0000, 0.3636, -7.4301]
[-0.0000, 0.0000, -0.0000, 1.0000]",1,8,-10,-11
"[2.7500, 0.0000, 0.0000, 0.0000]
[0.0000, 2.7500, 0.0000, 0.0000]
[0.0000, 0.0000, 2.7500, 0.0000]
[-16.0629, 14.9901, 20.4328, 1.0000]","[0.3636, -0.0000, 0.0000, 5.8410]
[-0.0000, 0.3636, -0.0000, -5.4509]
[0.0000, -0.0000, 0.3636, -7.4301]
[-0.0000, 0.0000, -0.0000, 1.0000]",1,0,-10,-11
"[2.7500, 0.0000, 0.0000, 0.0000]
[0.0000, 2.7500, 0.0000, 0.0000]
[0.0000, 0.0000, 2.7500, 0.0000]
[-16.0629, 14.9901, 20.4328, 1.0000]","[0.3636, -0.0000, 0.0000, 5.8410]
[-0.0000, 0.3636, -0.0000, -5.4509]
[0.0000, -0.0000, 0.3636, -7.4301]
[-0.0000, 0.0000, -0.0000, 1.0000]",1,4,-10,-11
"[2.7500, 0.0000, 0.0000, 0.0000]
[0.0000, 2.7500, 0.0000, 0.0000]
[0.0000, 0.0000, 2.7500, 0.0000]
[-26.6539, 14.9901, 20.4328, 1.0000]","[0.3636, -0.0000, 0.0000, 9.6923]
[-0.0000, 0.3636, -0.0000, -5.4509]
[0.0000, -0.0000, 0.3636, -7.4301]
[-0.0000, 0.0000, -0.0000, 1.0000]",1,7,-10,-11
"[2.7500, 0.0000, 0.0000, 0.0000]
[0.0000, 2.7500, 0.0000, 0.0000]
[0.0000, 0.0000, 2.7500, 0.0000]
[-26.6539, 14.9901, 20.4328, 1.0000]","[0.3636, -0.0000, 0.0000, 9.6923]
[-0.0000, 0.3636, -0.0000, -5.4509]
[0.0000, -0.0000, 0.3636, -7.4301]
[-0.0000, 0.0000, -0.0000, 1.0000]",1,8,-10,-11
"[2.7500, 0.0000, 0.0000, 0.0000]
[0.0000, 2.7500, 0.0000, 0.0000]
[0.0000, 0.0000, 2.7500, 0.0000]
[-26.6539, 14.9901, 20.4328, 1.0000]","[0.3636, -0.0000, 0.0000, 9.6923]
[-0.0000, 0.3636, -0.0000, -5.4509]
[0.0000, -0.0000, 0.3636, -7.4301]
[-0.0000, 0.0000, -0.0000, 1.0000]",1,0,-10,-11
"[2.7500, 0.0000, 0.0000, 0.0000]
[0.0000, 2.7500, 0.0000, 0.0000]
[0.0000, 0.0000, 2.7500, 0.0000]
[-26.6539, 14.9901, 20.4328, 1.0000]","[0.3636, -0.0000, 0.0000, 9.6923]
[-0.0000, 0.3636, -0.0000, -5.4509]
[0.0000, -0.0000, 0.3636, -7.4301]
[-0.0000, 0.0000, -0.0000, 1.0000]",1,4,-10,-11
"[2.7500, 0.0000, 0.0000, 0.0000]
[0.0000, 2.7500, 0.0000, 0.0000]
[0.0000, 0.0000, 2.7500, 0.0000]
[27.6104, 13.1911, 20.3714, 1.0000]","[0.3636, -0.0000, 0.0000, -10.0402]
[-0.0000, 0.3636, -0.0000, -4.7968]
[0.0000, -0.0000, 0.3636, -7.4078]
[-0.0000, 0.0000, -0.0000, 1.0000]",1,9,-10,-11
"[2.7500, 0.0000, 0.0000, 0.0000]
[0.0000, 2.7500, 0.0000, 0.0000]
[0.0000, 0.0000, 2.7500, 0.0000]
[27.6104, 13.1911, 20.3714, 1.0000]","[0.3636, -0.0000, 0.0000, -10.0402]
[-0.0000, 0.3636, -0.0000, -4.7968]
[0.0000, -0.0000, 0.3636, -7.4078]
[-0.0000, 0.0000, -0.0000, 1.0000]",1,5,-10,-11
"[2.7500, 0.0000, 0.0000, 0.0000]
[0.0000, 2.7500, 0.0000, 0.0000]
[0.0000, 0.0000, 2.7500, 0.0000]
[27.6104, 13.1911, 20.3714, 1.0000]","[0.3636, -0.0000, 0.0000, -10.0402]
[-0.0000, 0.3636, -0.0000, -4.7968]
[0.0000, -0.0000, 0.3636, -7.4078]
[-0.0000, 0.0000, -0.0000, 1.0000]",1,3,-10,-11
"[2.7500, 0.0000, 0.0000, 0.0000]
[0.0000, 2.7500, 0.0000, 0.0000]
[0.0000, 0.0000, 2.7500, 0.0000]
[27.6104, 13.1911, 20.3714, 1.0000]","[0.3636, -0.0000, 0.0000, -10.0402]
[-0.0000, 0.3636, -0.0000, -4.7968]
[0.0000, -0.0000, 0.3636, -7.4078]
[-0.0000, 0.0000, -0.0000, 1.0000]",1,0,-10,-11
"[2.7500, 0.0000, 0.0000, 0.0000]
[0.0000, 2.7500, 0.0000, 0.0000]
[0.0000, 0.0000, 2.7500, 0.0000]
[27.6104, 13.1911, 20.3714, 1.0000]","[0.3636, -0.0000, 0.0000, -10.0402]
[-0.0000, 0.3636, -0.0000, -4.7968]
[0.0000, -0.0000, 0.3636, -7.4078]
[-0.0000, 0.0000, -0.0000, 1.0000]",1,6,-10,-11
"[2.7500, 0.0000, 0.0000, 0.0000]
[0.0000, 2.7500, 0.0000, 0.0000]
[0.0000, 0.0000, 2.7500, 0.0000]
[35.0326, 14.9120, 13.0240, 1.0000]","[0.3636, -0.0000, 0.0000, -12.7391]
[-0.0000, 0.3636, -0.0000, -5.4226]
[0.0000, -0.0000, 0.3636, -4.7360]
[-0.0000, 0.0000, -0.0000, 1.0000]",1,9,-10,-11
"[2.7500, 0.0000, 0.0000, 0.0000]
[0.0000, 2.7500, 0.0000, 0.0000]
[0.0000, 0.0000, 2.7500, 0.0000]
[35.0326, 14.9120, 13.0240, 1.0000]","[0.3636, -0.0000, 0.0000, -12.7391]
[-0.0000, 0.3636, -0.0000, -5.4226]
[0.0000, -0.0000, 0.3636, -4.7360]
[-0.0000, 0.0000, -0.0000, 1.0000]",1,5,-10,-11
"[2.7500, 0.0000, 0.0000, 0.0000]
[0.0000, 2.7500, 0.0000, 0.0000]
[0.0000, 0.0000, 2.7500, 0.0000]
[35.0326, 14.9120, 13.0240, 1.0000]","[0.3636, -0.0000, 0.0000, -12.7391]
[-0.0000, 0.3636, -0.0000, -5.4226]
[0.0000, -0.0000, 0.3636, -4.7360]
[-0.0000, 0.0000, -0.0000, 1.0000]",1,3,-10,-11
"[2.7500, 0.0000, 0.0000, 0.0000]
[0.0000, 2.7500, 0.0000, 0.0000]
[0.0000, 0.0000, 2.7500, 0.0000]
[35.0326, 14.9120, 13.0240, 1.0000]","[0.3636, -0.0000, 0.0000, -12.7391]
[-0.0000, 0.3636, -0.0000, -5.4226]
[0.0000, -0.0000, 0.3636, -4.7360]
[-0.0000, 0.0000, -0.0000, 1.0000]",1,0,-10,-11
"[2.7500, 0.0000, 0.0000, 0.0000]
[0.0000, 2.7500, 0.0000, 0.0000]
[0.0000, 0.0000, 2.7500, 0.0000]
[35.0326, 14.9120, 13.0240, 1.0000]","[0.3636, -0.0000, 0.0000, -12.7391]
[-0.0000, 0.3636, -0.0000, -5.4226]
[0.0000, -0.0000, 0.3636, -4.7360]
[-0.0000, 0.0000, -0.0000, 1.0000]",1,6,-10,-11
"[2.7395, 0.0000, 0.2397, 0.0000]
[0.0000, 2.7500, 0.0000, 0.0000]
[-0.2397, 0.0000, 2.7395, 0.0000]
[5.9497, 28.5545, 12.8267, 1.0000]","[0.3623, -0.0000, 0.0317, -2.5618]
[-0.0000, 0.3636, -0.0000, -10.3834]
[-0.0317, -0.0000, 0.3623, -4.4579]
[-0.0000, 0.0000, -0.0000, 1.0000]",1,0,-10,-11
"[2.7395, 0.0000, 0.2397, 0.0000]
[0.0000, 2.7500, 0.0000, 0.0000]
[-0.2397, 0.0000, 2.7395, 0.0000]
[5.9497, 28.5545, 12.8267, 1.0000]","[0.3623, -0.0000, 0.0317, -2.5618]
[-0.0000, 0.3636, -0.0000, -10.3834]
[-0.0317, -0.0000, 0.3623, -4.4579]
[-0.0000, 0.0000, -0.0000, 1.0000]",1,1,-10,-11
"[2.7395, 0.0000, 0.2397, 0.0000]
[0.0000, 2.7500, 0.0000, 0.0000]
[-0.2397, 0.0000, 2.7395, 0.0000]
[5.9497, 28.5545, 12.8267, 1.0000]","[0.3623, -0.0000, 0.0317, -2.5618]
[-0.0000, 0.3636, -0.0000, -10.3834]
[-0.0317, -0.0000, 0.3623, -4.4579]
[-0.0000, 0.0000, -0.0000, 1.0000]",1,2,-10,-11
"[0.4775, 0.0000, 2.7082, 0.0000]
[0.0000, 2.7500, 0.0000, 0.0000]
[-2.7082, 0.0000, 0.4775, 0.0000]
[-16.0803, 28.5545, 12.8436, 1.0000]","[0.0631, -0.0000, 0.3581, -3.5840]
[-0.0000, 0.3636, -0.0000, -10.3834]
[-0.3581, -0.0000, 0.0631, -6.5695]
[-0.0000, 0.0000, -0.0000, 1.0000]",1,0,-10,-11
"[0.4775, 0.0000, 2.7082, 0.0000]
[0.0000, 2.7500, 0.0000, 0.0000]
[-2.7082, 0.0000, 0.4775, 0.0000]
[-16.0803, 28.5545, 12.8436, 1.0000]","[0.0631, -0.0000, 0.3581, -3.5840]
[-0.0000, 0.3636, -0.0000, -10.3834]
[-0.3581, -0.0000, 0.0631, -6.5695]
[-0.0000, 0.0000, -0.0000, 1.0000]",1,1,-10,-11
"[0.4775, 0.0000, 2.7082, 0.0000]
[0.0000, 2.7500, 0.0000, 0.0000]
[-2.7082, 0.0000, 0.4775, 0.0000]
[-16.0803, 28.5545, 12.8436, 1.0000]","[0.0631, -0.0000, 0.3581, -3.5840]
[-0.0000, 0.3636, -0.0000, -10.3834]
[-0.3581, -0.0000, 0.0631, -6.5695]
[-0.0000, 0.0000, -0.0000, 1.0000]",1,2,-10,-11
"[-1.1622, 0.0000, 2.4923, 0.0000]
[0.0000, 2.7500, 0.0000, 0.0000]
[-2.4923, 0.0000, -1.1622, 0.0000]
[-26.8770, 28.5545, 13.0356, 1.0000]","[-0.1537, -0.0000, 0.3296, -8.4265]
[-0.0000, 0.3636, -0.0000, -10.3834]
[-0.3296, -0.0000, -0.1537, -6.8545]
[-0.0000, 0.0000, -0.0000, 1.0000]",1,0,-10,-11
"[-1.1622, 0.0000, 2.4923, 0.0000]
[0.0000, 2.7500, 0.0000, 0.0000]
[-2.4923, 0.0000, -1.1622, 0.0000]
[-26.8770, 28.5545, 13.0356, 1.0000]","[-0.1537, -0.0000, 0.3296, -8.4265]
[-0.0000, 0.3636, -0.0000, -10.3834]
[-0.3296, -0.0000, -0.1537, -6.8545]
[-0.0000, 0.0000, -0.0000, 1.0000]",1,1,-10,-11
"[-1.1622, 0.0000, 2.4923, 0.0000]
[0.0000, 2.7500, 0.0000, 0.0000]
[-2.4923, 0.0000, -1.1622, 0.0000]
[-26.8770, 28.5545, 13.0356, 1.0000]","[-0.1537, -0.0000, 0.3296, -8.4265]
[-0.0000, 0.3636, -0.0000, -10.3834]
[-0.3296, -0.0000, -0.1537, -6.8545]
[-0.0000, 0.0000, -0.0000, 1.0000]",1,2,-10,-11
"[2.6563, 0.0000, -0.7118, 0.0000]
[0.0000, 2.7500, 0.0000, 0.0000]
[0.7118, 0.0000, 2.6563, 0.0000]
[5.9495, 28.5545, -12.9122, 1.0000]","[0.3512, -0.0000, -0.0941, -3.3050]
[-0.0000, 0.3636, -0.0000, -10.3834]
[0.0941, -0.0000, 0.3512, 3.9754]
[-0.0000, 0.0000, -0.0000, 1.0000]",1,0,-10,-11
"[2.6563, 0.0000, -0.7118, 0.0000]
[0.0000, 2.7500, 0.0000, 0.0000]
[0.7118, 0.0000, 2.6563, 0.0000]
[5.9495, 28.5545, -12.9122, 1.0000]","[0.3512, -0.0000, -0.0941, -3.3050]
[-0.0000, 0.3636, -0.0000, -10.3834]
[0.0941, -0.0000, 0.3512, 3.9754]
[-0.0000, 0.0000, -0.0000, 1.0000]",1,1,-10,-11
"[2.6563, 0.0000, -0.7118, 0.0000]
[0.0000, 2.7500, 0.0000, 0.0000]
[0.7118, 0.0000, 2.6563, 0.0000]
[5.9495, 28.5545, -12.9122, 1.0000]","[0.3512, -0.0000, -0.0941, -3.3050]
[-0.0000, 0.3636, -0.0000, -10.3834]
[0.0941, -0.0000, 0.3512, 3.9754]
[-0.0000, 0.0000, -0.0000, 1.0000]",1,2,-10,-11
"[-1.3750, 0.0000, 2.3816, 0.0000]
[0.0000, 2.7500, 0.0000, 0.0000]
[-2.3816, 0.0000, -1.3750, 0.0000]
[-16.0946, 28.5545, -12.8193, 1.0000]","[-0.1818, -0.0000, 0.3149, 1.1107]
[-0.0000, 0.3636, -0.0000, -10.3834]
[-0.3149, -0.0000, -0.1818, -7.3993]
[-0.0000, 0.0000, -0.0000, 1.0000]",1,0,-10,-11
"[-1.3750, 0.0000, 2.3816, 0.0000]
[0.0000, 2.7500, 0.0000, 0.0000]
[-2.3816, 0.0000, -1.3750, 0.0000]
[-16.0946, 28.5545, -12.8193, 1.0000]","[-0.1818, -0.0000, 0.3149, 1.1107]
[-0.0000, 0.3636, -0.0000, -10.3834]
[-0.3149, -0.0000, -0.1818, -7.3993]
[-0.0000, 0.0000, -0.0000, 1.0000]",1,1,-10,-11
"[-1.3750, 0.0000, 2.3816, 0.0000]
[0.0000, 2.7500, 0.0000, 0.0000]
[-2.3816, 0.0000, -1.3750, 0.0000]
[-16.0946, 28.5545, -12.8193, 1.0000]","[-0.1818, -0.0000, 0.3149, 1.1107]
[-0.0000, 0.3636, -0.0000, -10.3834]
[-0.3149, -0.0000, -0.1818, -7.3993]
[-0.0000, 0.0000, -0.0000, 1.0000]",1,2,-10,-11
"[-0.2397, 0.0000, 2.7395, 0.0000]
[0.0000, 2.7500, 0.0000, 0.0000]
[-2.7395, 0.0000, -0.2397, 0.0000]
[-26.8227, 28.5545, -12.9978, 1.0000]","[-0.0317, -0.0000, 0.3623, 3.8584]
[-0.0000, 0.3636, -0.0000, -10.3834]
[-0.3623, -0.0000, -0.0317, -10.1285]
[-0.0000, 0.0000, -0.0000, 1.0000]",1,0,-10,-11
"[-0.2397, 0.0000, 2.7395, 0.0000]
[0.0000, 2.7500, 0.0000, 0.0000]
[-2.7395, 0.0000, -0.2397, 0.0000]
[-26.8227, 28.5545, -12.9978, 1.0000]","[-0.0317, -0.0000, 0.3623, 3.8584]
[-0.0000, 0.3636, -0.0000, -10.3834]
[-0.3623, -0.0000, -0.0317, -10.1285]
[-0.0000, 0.0000, -0.0000, 1.0000]",1,1,-10,-11
"[-0.2397, 0.0000, 2.7395, 0.0000]
[0.0000, 2.7500, 0.0000, 0.0000]
[-2.7395, 0.0000, -0.2397, 0.0000]
[-26.8227, 28.5545, -12.9978, 1.0000]","[-0.0317, -0.0000, 0.3623, 3.8584]
[-0.0000, 0.3636, -0.0000, -10.3834]
[-0.3623, -0.0000, -0.0317, -10.1285]
[-0.0000, 0.0000, -0.0000, 1.0000]",1,2,-10,-11
"[2.3816, 0.0000, 1.3750, 0.0000]
[0.0000, 2.7500, 0.0000, 0.0000]
[-1.3750, 0.0000, 2.3816, 0.0000]
[27.6820, 28.5545, -12.9924, 1.0000]","[0.3149, -0.0000, 0.1818, -6.3553]
[-0.0000, 0.3636, -0.0000, -10.3834]
[-0.1818, -0.0000, 0.3149, 9.1246]
[-0.0000, 0.0000, -0.0000, 1.0000]",1,0,-10,-11
"[2.3816, 0.0000, 1.3750, 0.0000]
[0.0000, 2.7500, 0.0000, 0.0000]
[-1.3750, 0.0000, 2.3816, 0.0000]
[27.6820, 28.5545, -12.9924, 1.0000]","[0.3149, -0.0000, 0.1818, -6.3553]
[-0.0000, 0.3636, -0.0000, -10.3834]
[-0.1818, -0.0000, 0.3149, 9.1246]
[-0.0000, 0.0000, -0.0000, 1.0000]",1,1,-10,-11
"[2.3816, 0.0000, 1.3750, 0.0000]
[0.0000, 2.7500, 0.0000, 0.0000]
[-1.3750, 0.0000, 2.3816, 0.0000]
[27.6820, 28.5545, -12.9924, 1.0000]","[0.3149, -0.0000, 0.1818, -6.3553]
[-0.0000, 0.3636, -0.0000, -10.3834]
[-0.1818, -0.0000, 0.3149, 9.1246]
[-0.0000, 0.0000, -0.0000, 1.0000]",1,2,-10,-11
"[2.7500, 0.0000, 0.0000, 0.0000]
[0.0000, 2.7500, 0.0000, 0.0000]
[0.0000, 0.0000, 2.7500, 0.0000]
[0.3824, 21.6015, 0.3152, 1.0000]","[0.3636, -0.0000, 0.0000, -0.1391]
[-0.0000, 0.3636, -0.0000, -7.8551]
[0.0000, -0.0000, 0.3636, -0.1146]
[-0.0000, 0.0000, -0.0000, 1.0000]",1,11,-10,-11
"[2.7500, 0.0000, 0.0000, 0.0000]
[0.0000, 2.7500, 0.0000, 0.0000]
[0.0000, 0.0000, 2.7500, 0.0000]
[0.3824, 21.6015, 0.3152, 1.0000]","[0.3636, -0.0000, 0.0000, -0.1391]
[-0.0000, 0.3636, -0.0000, -7.8551]
[0.0000, -0.0000, 0.3636, -0.1146]
[-0.0000, 0.0000, -0.0000, 1.0000]",1,16,-10,-11
"[-2.7500, 0.0000, 0.0000, 0.0000]
[0.0000, 2.7500, 0.0000, 0.0000]
[-0.0000, 0.0000, -2.7500, 0.0000]
[0.4618, 22.2173, -0.8484, 1.0000]","[-0.3636, -0.0000, 0.0000, 0.1679]
[-0.0000, 0.3636, -0.0000, -8.0790]
[-0.0000, 0.0000, -0.3636, -0.3085]
[-0.0000, 0.0000, -0.0000, 1.0000]",1,21,-10,-11
"[2.7500, 0.0000, 0.0000, 0.0000]
[0.0000, 2.7500, 0.0000, 0.0000]
[0.0000, 0.0000, 2.7500, 0.0000]
[-30.3286, 44.4813, 15.1216, 1.0000]","[0.3636, -0.0000, 0.0000, 11.0286]
[-0.0000, 0.3636, -0.0000, -16.1750]
[0.0000, -0.0000, 0.3636, -5.4988]
[-0.0000, 0.0000, -0.0000, 1.0000]",1,5,-10,-11
"[2.7500, 0.0000, 0.0000, 0.0000]
[0.0000, 2.7500, 0.0000, 0.0000]
[0.0000, 0.0000, 2.7500, 0.0000]
[-30.3286, 44.4813, 15.1216, 1.0000]","[0.3636, -0.0000, 0.0000, 11.0286]
[-0.0000, 0.3636, -0.0000, -16.1750]
[0.0000, -0.0000, 0.3636, -5.4988]
[-0.0000, 0.0000, -0.0000, 1.0000]",1,26,-10,-11
"[2.7500, 0.0000, 0.0000, 0.0000]
[0.0000, 2.7500, 0.0000, 0.0000]
[0.0000, 0.0000, 2.7500, 0.0000]
[-2.2569, 44.4813, 15.1216, 1.0000]","[0.3636, -0.0000, 0.0000, 0.8207]
[-0.0000, 0.3636, -0.0000, -16.1750]
[0.0000, -0.0000, 0.3636, -5.4988]
[-0.0000, 0.0000, -0.0000, 1.0000]",1,5,-10,-11
"[2.7500, 0.0000, 0.0000, 0.0000]
[0.0000, 2.7500, 0.0000, 0.0000]
[0.0000, 0.0000, 2.7500, 0.0000]
[-2.2569, 44.4813, 15.1216, 1.0000]","[0.3636, -0.0000, 0.0000, 0.8207]
[-0.0000, 0.3636, -0.0000, -16.1750]
[0.0000, -0.0000, 0.3636, -5.4988]
[-0.0000, 0.0000, -0.0000, 1.0000]",1,26,-10,-11
"[2.7500, 0.0000, 0.0000, 0.0000]
[0.0000, 2.7500, 0.0000, 0.0000]
[0.0000, 0.0000, 2.7500, 0.0000]
[2.8106, 33.5078, 0.0184, 1.0000]","[0.3636, -0.0000, 0.0000, -1.0220]
[-0.0000, 0.3636, -0.0000, -12.1847]
[0.0000, -0.0000, 0.3636, -0.0067]
[-0.0000, 0.0000, -0.0000, 1.0000]",1,10,-10,-11
"[2.7500, 0.0000, 0.0000, 0.0000]
[0.0000, 2.7500, 0.0000, 0.0000]
[0.0000, 0.0000, 2.7500, 0.0000]
[2.8106, 33.5078, 0.0184, 1.0000]","[0.3636, -0.0000, 0.0000, -1.0220]
[-0.0000, 0.3636, -0.0000, -12.1847]
[0.0000, -0.0000, 0.3636, -0.0067]
[-0.0000, 0.0000, -0.0000, 1.0000]",1,3,-10,-11
"[2.7500, 0.0000, 0.0000, 0.0000]
[0.0000, 2.7500, 0.0000, 0.0000]
[0.0000, 0.0000, 2.7500, 0.0000]
[2.8106, 33.5078, 0.0184, 1.0000]","[0.3636, -0.0000, 0.0000, -1.0220]
[-0.0000, 0.3636, -0.0000, -12.1847]
[0.0000, -0.0000, 0.3636, -0.0067]
[-0.0000, 0.0000, -0.0000, 1.0000]",1,0,-10,-11
"[2.7500, 0.0000, 0.0000, 0.0000]
[0.0000, 2.7500, 0.0000, 0.0000]
[0.0000, 0.0000, 2.7500, 0.0000]
[2.8106, 33.5078, 0.0184, 1.0000]","[0.3636, -0.0000, 0.0000, -1.0220]
[-0.0000, 0.3636, -0.0000, -12.1847]
[0.0000, -0.0000, 0.3636, -0.0067]
[-0.0000, 0.0000, -0.0000, 1.0000]",1,4,-10,-11
"[2.7500, 0.0000, 0.0000, 0.0000]
[0.0000, 2.7500, 0.0000, 0.0000]
[0.0000, 0.0000, 2.7500, 0.0000]
[-21.7236, 36.6473, -0.0306, 1.0000]","[0.3636, -0.0000, 0.0000, 7.8995]
[-0.0000, 0.3636, -0.0000, -13.3263]
[0.0000, -0.0000, 0.3636, 0.0111]
[-0.0000, 0.0000, -0.0000, 1.0000]",1,27,-10,-11
"[2.7500, 0.0000, 0.0000, 0.0000]
[0.0000, 2.7500, 0.0000, 0.0000]
[0.0000, 0.0000, 2.7500, 0.0000]
[2.4733, 43.8418, -0.0083, 1.0000]","[0.3636, -0.0000, 0.0000, -0.8994]
[-0.0000, 0.3636, -0.0000, -15.9425]
[0.0000, -0.0000, 0.3636, 0.0030]
[-0.0000, 0.0000, -0.0000, 1.0000]",1,10,-10,-11
"[2.7500, 0.0000, 0.0000, 0.0000]
[0.0000, 2.7500, 0.0000, 0.0000]
[0.0000, 0.0000, 2.7500, 0.0000]
[2.4733, 43.8418, -0.0083, 1.0000]","[0.3636, -0.0000, 0.0000, -0.8994]
[-0.0000, 0.3636, -0.0000, -15.9425]
[0.0000, -0.0000, 0.3636, 0.0030]
[-0.0000, 0.0000, -0.0000, 1.0000]",1,0,-10,-11
"[2.7500, 0.0000, 0.0000, 0.0000]
[0.0000, 2.7500, 0.0000, 0.0000]
[0.0000, 0.0000, 2.7500, 0.0000]
[-30.3384, 44.4740, -15.0484, 1.0000]","[0.3636, -0.0000, 0.0000, 11.0321]
[-0.0000, 0.3636, -0.0000, -16.1723]
[0.0000, -0.0000, 0.3636, 5.4721]
[-0.0000, 0.0000, -0.0000, 1.0000]",1,5,-10,-11
"[2.7500, 0.0000, 0.0000, 0.0000]
[0.0000, 2.7500, 0.0000, 0.0000]
[0.0000, 0.0000, 2.7500, 0.0000]
[-30.3384, 44.4740, -15.0484, 1.0000]","[0.3636, -0.0000, 0.0000, 11.0321]
[-0.0000, 0.3636, -0.0000, -16.1723]
[0.0000, -0.0000, 0.3636, 5.4721]
[-0.0000, 0.0000, -0.0000, 1.0000]",1,26,-10,-11
"[2.7500, 0.0000, 0.0000, 0.0000]
[0.0000, 2.7500, 0.0000, 0.0000]
[0.0000, 0.0000, 2.7500, 0.0000]
[-2.3109, 44.4813, -15.0610, 1.0000]","[0.3636, -0.0000, 0.0000, 0.8403]
[-0.0000, 0.3636, -0.0000, -16.1750]
[0.0000, -0.0000, 0.3636, 5.4767]
[-0.0000, 0.0000, -0.0000, 1.0000]",1,5,-10,-11
"[2.7500, 0.0000, 0.0000, 0.0000]
[0.0000, 2.7500, 0.0000, 0.0000]
[0.0000, 0.0000, 2.7500, 0.0000]
[-2.3109, 44.4813, -15.0610, 1.0000]","[0.3636, -0.0000, 0.0000, 0.8403]
[-0.0000, 0.3636, -0.0000, -16.1750]
[0.0000, -0.0000, 0.3636, 5.4767]
[-0.0000, 0.0000, -0.0000, 1.0000]",1,26,-10,-11
"[2.7500, 0.0000, -0.0000, 0.0000]
[0.0000, 2.7500, 0.0000, 0.0000]
[0.0000, 0.0000, 2.7500, 0.0000]
[28.0621, 45.9345, 0.3978, 1.0000]","[0.3636, -0.0000, -0.0000, -10.2044]
[-0.0000, 0.3636, -0.0000, -16.7035]
[0.0000, -0.0000, 0.3636, -0.1447]
[-0.0000, 0.0000, -0.0000, 1.0000]",1,7,-10,-11
"[2.7500, 0.0000, -0.0000, 0.0000]
[0.0000, 2.7500, 0.0000, 0.0000]
[0.0000, 0.0000, 2.7500, 0.0000]
[28.0621, 45.9345, 0.3978, 1.0000]","[0.3636, -0.0000, -0.0000, -10.2044]
[-0.0000, 0.3636, -0.0000, -16.7035]
[0.0000, -0.0000, 0.3636, -0.1447]
[-0.0000, 0.0000, -0.0000, 1.0000]",1,5,-10,-11
"[2.7500, 0.0000, -0.0000, 0.0000]
[0.0000, 2.7500, 0.0000, 0.0000]
[0.0000, 0.0000, 2.7500, 0.0000]
[28.0621, 45.9345, 0.3978, 1.0000]","[0.3636, -0.0000, -0.0000, -10.2044]
[-0.0000, 0.3636, -0.0000, -16.7035]
[0.0000, -0.0000, 0.3636, -0.1447]
[-0.0000, 0.0000, -0.0000, 1.0000]",1,0,-10,-11
"[2.7500, 0.0000, -0.0000, 0.0000]
[0.0000, 2.7500, 0.0000, 0.0000]
[0.0000, 0.0000, 2.7500, 0.0000]
[28.0621, 45.9345, 0.3978, 1.0000]","[0.3636, -0.0000, -0.0000, -10.2044]
[-0.0000, 0.3636, -0.0000, -16.7035]
[0.0000, -0.0000, 0.3636, -0.1447]
[-0.0000, 0.0000, -0.0000, 1.0000]",1,4,-10,-11
"[2.7500, 0.0000, -0.0000, 0.0000]
[0.0000, 2.7500, 0.0000, 0.0000]
[0.0000, 0.0000, 2.7500, 0.0000]
[28.0621, 45.9345, 0.3978, 1.0000]","[0.3636, -0.0000, -0.0000, -10.2044]
[-0.0000, 0.3636, -0.0000, -16.7035]
[0.0000, -0.0000, 0.3636, -0.1447]
[-0.0000, 0.0000, -0.0000, 1.0000]",1,16,-10,-11
"[2.7500, 0.0000, -0.0000, 0.0000]
[0.0000, 2.7500, 0.0000, 0.0000]
[0.0000, 0.0000, 2.7500, 0.0000]
[28.0621, 45.9345, 0.3978, 1.0000]","[0.3636, -0.0000, -0.0000, -10.2044]
[-0.0000, 0.3636, -0.0000, -16.7035]
[0.0000, -0.0000, 0.3636, -0.1447]
[-0.0000, 0.0000, -0.0000, 1.0000]",1,6,-10,-11
"[2.7500, 0.0000, -0.0000, 0.0000]
[0.0000, 2.7500, 0.0000, 0.0000]
[0.0000, 0.0000, 2.7500, 0.0000]
[28.0621, 45.9345, 0.3978, 1.0000]","[0.3636, -0.0000, -0.0000, -10.2044]
[-0.0000, 0.3636, -0.0000, -16.7035]
[0.0000, -0.0000, 0.3636, -0.1447]
[-0.0000, 0.0000, -0.0000, 1.0000]",1,26,-10,-11
"[2.7500, 0.0000, -0.0000, 0.0000]
[0.0000, 2.7500, 0.0000, 0.0000]
[0.0000, 0.0000, 2.7500, 0.0000]
[-32.9057, 46.4331, 0.0496, 1.0000]","[0.3636, -0.0000, -0.0000, 11.9657]
[-0.0000, 0.3636, -0.0000, -16.8848]
[0.0000, -0.0000, 0.3636, -0.0180]
[-0.0000, 0.0000, -0.0000, 1.0000]",1,5,-10,-11
"[2.7500, 0.0000, -0.0000, 0.0000]
[0.0000, 2.7500, 0.0000, 0.0000]
[0.0000, 0.0000, 2.7500, 0.0000]
[-32.9057, 46.4331, 0.0496, 1.0000]","[0.3636, -0.0000, -0.0000, 11.9657]
[-0.0000, 0.3636, -0.0000, -16.8848]
[0.0000, -0.0000, 0.3636, -0.0180]
[-0.0000, 0.0000, -0.0000, 1.0000]",1,0,-10,-11
"[2.7500, 0.0000, -0.0000, 0.0000]
[0.0000, 2.7500, 0.0000, 0.0000]
[0.0000, 0.0000, 2.7500, 0.0000]
[-32.9057, 46.4331, 0.0496, 1.0000]","[0.3636, -0.0000, -0.0000, 11.9657]
[-0.0000, 0.3636, -0.0000, -16.8848]
[0.0000, -0.0000, 0.3636, -0.0180]
[-0.0000, 0.0000, -0.0000, 1.0000]",1,16,-10,-11
"[2.7500, 0.0000, -0.0000, 0.0000]
[0.0000, 2.7500, 0.0000, 0.0000]
[0.0000, 0.0000, 2.7500, 0.0000]
[-32.9057, 46.4331, 0.0496, 1.0000]","[0.3636, -0.0000, -0.0000, 11.9657]
[-0.0000, 0.3636, -0.0000, -16.8848]
[0.0000, -0.0000, 0.3636, -0.0180]
[-0.0000, 0.0000, -0.0000, 1.0000]",1,26,-10,-11
"[2.7500, 0.0000, 0.0000, 0.0000]
[0.0000, 2.7500, 0.0000, 0.0000]
[0.0000, 0.0000, 2.7500, 0.0000]
[20.4767, 44.4813, 15.1216, 1.0000]","[0.3636, -0.0000, 0.0000, -7.4461]
[-0.0000, 0.3636, -0.0000, -16.1750]
[0.0000, -0.0000, 0.3636, -5.4988]
[-0.0000, 0.0000, -0.0000, 1.0000]",1,5,-10,-11
"[2.7500, 0.0000, 0.0000, 0.0000]
[0.0000, 2.7500, 0.0000, 0.0000]
[0.0000, 0.0000, 2.7500, 0.0000]
[20.4767, 44.4813, 15.1216, 1.0000]","[0.3636, -0.0000, 0.0000, -7.4461]
[-0.0000, 0.3636, -0.0000, -16.1750]
[0.0000, -0.0000, 0.3636, -5.4988]
[-0.0000, 0.0000, -0.0000, 1.0000]",1,26,-10,-11
"[2.7500, 0.0000, -0.0000, 0.0000]
[0.0000, 2.7500, 0.0000, 0.0000]
[0.0000, 0.0000, 2.7500, 0.0000]
[20.6724, 44.4813, -15.0611, 1.0000]","[0.3636, -0.0000, -0.0000, -7.5172]
[-0.0000, 0.3636, -0.0000, -16.1750]
[0.0000, -0.0000, 0.3636, 5.4767]
[-0.0000, 0.0000, -0.0000, 1.0000]",1,5,-10,-11
"[2.7500, 0.0000, -0.0000, 0.0000]
[0.0000, 2.7500, 0.0000, 0.0000]
[0.0000, 0.0000, 2.7500, 0.0000]
[20.6724, 44.4813, -15.0611, 1.0000]","[0.3636, -0.0000, -0.0000, -7.5172]
[-0.0000, 0.3636, -0.0000, -16.1750]
[0.0000, -0.0000, 0.3636, 5.4767]
[-0.0000, 0.0000, -0.0000, 1.0000]",1,26,-10,-11
"[2.7500, 0.0000, 0.0000, 0.0000]
[0.0000, 2.7500, 0.0000, 0.0000]
[0.0000, 0.0000, 2.7500, 0.0000]
[3.9772, 36.9943, 0.1360, 1.0000]","[0.3636, -0.0000, 0.0000, -1.4463]
[-0.0000, 0.3636, -0.0000, -13.4525]
[0.0000, -0.0000, 0.3636, -0.0494]
[-0.0000, 0.0000, -0.0000, 1.0000]",1,9,-10,-11
"[2.7500, 0.0000, 0.0000, 0.0000]
[0.0000, 2.7500, 0.0000, 0.0000]
[0.0000, 0.0000, 2.7500, 0.0000]
[3.9772, 36.9943, 0.1360, 1.0000]","[0.3636, -0.0000, 0.0000, -1.4463]
[-0.0000, 0.3636, -0.0000, -13.4525]
[0.0000, -0.0000, 0.3636, -0.0494]
[-0.0000, 0.0000, -0.0000, 1.0000]",1,10,-10,-11
"[2.7500, 0.0000, 0.0000, 0.0000]
[0.0000, 2.7500, 0.0000, 0.0000]
[0.0000, 0.0000, 2.7500, 0.0000]
[3.9772, 36.9943, 0.1360, 1.0000]","[0.3636, -0.0000, 0.0000, -1.4463]
[-0.0000, 0.3636, -0.0000, -13.4525]
[0.0000, -0.0000, 0.3636, -0.0494]
[-0.0000, 0.0000, -0.0000, 1.0000]",1,5,-10,-11
"[2.7500, 0.0000, 0.0000, 0.0000]
[0.0000, 2.7500, 0.0000, 0.0000]
[0.0000, 0.0000, 2.7500, 0.0000]
[3.9772, 36.9943, 0.1360, 1.0000]","[0.3636, -0.0000, 0.0000, -1.4463]
[-0.0000, 0.3636, -0.0000, -13.4525]
[0.0000, -0.0000, 0.3636, -0.0494]
[-0.0000, 0.0000, -0.0000, 1.0000]",1,16,-10,-11
"[2.7500, 0.0000, 0.0000, 0.0000]
[0.0000, 2.7500, 0.0000, 0.0000]
[0.0000, 0.0000, 2.7500, 0.0000]
[3.9772, 36.9943, 0.1360, 1.0000]","[0.3636, -0.0000, 0.0000, -1.4463]
[-0.0000, 0.3636, -0.0000, -13.4525]
[0.0000, -0.0000, 0.3636, -0.0494]
[-0.0000, 0.0000, -0.0000, 1.0000]",1,6,-10,-11
"[2.7500, 0.0000, 0.0000, 0.0000]
[0.0000, 2.7500, 0.0000, 0.0000]
[0.0000, 0.0000, 2.7500, 0.0000]
[22.6833, 41.0595, 0.0935, 1.0000]","[0.3636, -0.0000, 0.0000, -8.2485]
[-0.0000, 0.3636, -0.0000, -14.9307]
[0.0000, -0.0000, 0.3636, -0.0340]
[-0.0000, 0.0000, -0.0000, 1.0000]",1,9,-10,-11
"[2.7500, 0.0000, 0.0000, 0.0000]
[0.0000, 2.7500, 0.0000, 0.0000]
[0.0000, 0.0000, 2.7500, 0.0000]
[22.6833, 41.0595, 0.0935, 1.0000]","[0.3636, -0.0000, 0.0000, -8.2485]
[-0.0000, 0.3636, -0.0000, -14.9307]
[0.0000, -0.0000, 0.3636, -0.0340]
[-0.0000, 0.0000, -0.0000, 1.0000]",1,5,-10,-11
"[2.7500, 0.0000, 0.0000, 0.0000]
[0.0000, 2.7500, 0.0000, 0.0000]
[0.0000, 0.0000, 2.7500, 0.0000]
[22.6833, 41.0595, 0.0935, 1.0000]","[0.3636, -0.0000, 0.0000, -8.2485]
[-0.0000, 0.3636, -0.0000, -14.9307]
[0.0000, -0.0000, 0.3636, -0.0340]
[-0.0000, 0.0000, -0.0000, 1.0000]",1,3,-10,-11
"[2.7500, 0.0000, 0.0000, 0.0000]
[0.0000, 2.7500, 0.0000, 0.0000]
[0.0000, 0.0000, 2.7500, 0.0000]
[0.3502, 41.0560, -8.0196, 1.0000]","[0.3636, -0.0000, 0.0000, -0.1273]
[-0.0000, 0.3636, -0.0000, -14.9295]
[0.0000, -0.0000, 0.3636, 2.9162]
[-0.0000, 0.0000, -0.0000, 1.0000]",1,9,-10,-11
"[2.7500, 0.0000, 0.0000, 0.0000]
[0.0000, 2.7500, 0.0000, 0.0000]
[0.0000, 0.0000, 2.7500, 0.0000]
[0.3502, 41.0560, -8.0196, 1.0000]","[0.3636, -0.0000, 0.0000, -0.1273]
[-0.0000, 0.3636, -0.0000, -14.9295]
[0.0000, -0.0000, 0.3636, 2.9162]
[-0.0000, 0.0000, -0.0000, 1.0000]",1,5,-10,-11
"[2.7500, 0.0000, 0.0000, 0.0000]
[0.0000, 2.7500, 0.0000, 0.0000]
[0.0000, 0.0000, 2.7500, 0.0000]
[0.3502, 41.0560, -8.0196, 1.0000]","[0.3636, -0.0000, 0.0000, -0.1273]
[-0.0000, 0.3636, -0.0000, -14.9295]
[0.0000, -0.0000, 0.3636, 2.9162]
[-0.0000, 0.0000, -0.0000, 1.0000]",1,3,-10,-11
"[2.7500, 0.0000, 0.0000, 0.0000]
[0.0000, 2.7500, 0.0000, 0.0000]
[0.0000, 0.0000, 2.7500, 0.0000]
[0.5741, 41.0560, 8.0906, 1.0000]","[0.3636, -0.0000, 0.0000, -0.2088]
[-0.0000, 0.3636, -0.0000, -14.9295]
[0.0000, -0.0000, 0.3636, -2.9420]
[-0.0000, 0.0000, -0.0000, 1.0000]",1,9,-10,-11
"[2.7500, 0.0000, 0.0000, 0.0000]
[0.0000, 2.7500, 0.0000, 0.0000]
[0.0000, 0.0000, 2.7500, 0.0000]
[0.5741, 41.0560, 8.0906, 1.0000]","[0.3636, -0.0000, 0.0000, -0.2088]
[-0.0000, 0.3636, -0.0000, -14.9295]
[0.0000, -0.0000, 0.3636, -2.9420]
[-0.0000, 0.0000, -0.0000, 1.0000]",1,5,-10,-11
"[2.7500, 0.0000, 0.0000, 0.0000]
[0.0000, 2.7500, 0.0000, 0.0000]
[0.0000, 0.0000, 2.7500, 0.0000]
[0.5741, 41.0560, 8.0906, 1.0000]","[0.3636, -0.0000, 0.0000, -0.2088]
[-0.0000, 0.3636, -0.0000, -14.9295]
[0.0000, -0.0000, 0.3636, -2.9420]
[-0.0000, 0.0000, -0.0000, 1.0000]",1,3,-10,-11
"[2.7500, 0.0000, 0.0000, 0.0000]
[0.0000, 2.7500, 0.0000, 0.0000]
[0.0000, 0.0000, 2.7500, 0.0000]
[2.8106, 33.5078, 0.0184, 1.0000]","[0.3636, -0.0000, 0.0000, -1.0220]
[-0.0000, 0.3636, -0.0000, -12.1847]
[0.0000, -0.0000, 0.3636, -0.0067]
[-0.0000, 0.0000, -0.0000, 1.0000]",1,10,-10,-11
"[2.7500, 0.0000, 0.0000, 0.0000]
[0.0000, 2.7500, 0.0000, 0.0000]
[0.0000, 0.0000, 2.7500, 0.0000]
[2.8106, 33.5078, 0.0184, 1.0000]","[0.3636, -0.0000, 0.0000, -1.0220]
[-0.0000, 0.3636, -0.0000, -12.1847]
[0.0000, -0.0000, 0.3636, -0.0067]
[-0.0000, 0.0000, -0.0000, 1.0000]",1,3,-10,-11
"[2.7500, 0.0000, 0.0000, 0.0000]
[0.0000, 2.7500, 0.0000, 0.0000]
[0.0000, 0.0000, 2.7500, 0.0000]
[2.8106, 33.5078, 0.0184, 1.0000]","[0.3636, -0.0000, 0.0000, -1.0220]
[-0.0000, 0.3636, -0.0000, -12.1847]
[0.0000, -0.0000, 0.3636, -0.0067]
[-0.0000, 0.0000, -0.0000, 1.0000]",1,0,-10,-11
"[2.7500, 0.0000, 0.0000, 0.0000]
[0.0000, 2.7500, 0.0000, 0.0000]
[0.0000, 0.0000, 2.7500, 0.0000]
[2.8106, 33.5078, 0.0184, 1.0000]","[0.3636, -0.0000, 0.0000, -1.0220]
[-0.0000, 0.3636, -0.0000, -12.1847]
[0.0000, -0.0000, 0.3636, -0.0067]
[-0.0000, 0.0000, -0.0000, 1.0000]",1,4,-10,-11
"[2.7500, 0.0000, 0.0000, 0.0000]
[0.0000, 2.7500, 0.0000, 0.0000]
[0.0000, 0.0000, 2.7500, 0.0000]
[2.8106, 33.5078, 0.0184, 1.0000]","[0.3636, -0.0000, 0.0000, -1.0220]
[-0.0000, 0.3636, -0.0000, -12.1847]
[0.0000, -0.0000, 0.3636, -0.0067]
[-0.0000, 0.0000, -0.0000, 1.0000]",1,10,-10,-11
"[2.7500, 0.0000, 0.0000, 0.0000]
[0.0000, 2.7500, 0.0000, 0.0000]
[0.0000, 0.0000, 2.7500, 0.0000]
[2.8106, 33.5078, 0.0184, 1.0000]","[0.3636, -0.0000, 0.0000, -1.0220]
[-0.0000, 0.3636, -0.0000, -12.1847]
[0.0000, -0.0000, 0.3636, -0.0067]
[-0.0000, 0.0000, -0.0000, 1.0000]",1,3,-10,-11
"[2.7500, 0.0000, 0.0000, 0.0000]
[0.0000, 2.7500, 0.0000, 0.0000]
[0.0000, 0.0000, 2.7500, 0.0000]
[2.8106, 33.5078, 0.0184, 1.0000]","[0.3636, -0.0000, 0.0000, -1.0220]
[-0.0000, 0.3636, -0.0000, -12.1847]
[0.0000, -0.0000, 0.3636, -0.0067]
[-0.0000, 0.0000, -0.0000, 1.0000]",1,0,-10,-11
"[2.7500, 0.0000, 0.0000, 0.0000]
[0.0000, 2.7500, 0.0000, 0.0000]
[0.0000, 0.0000, 2.7500, 0.0000]
[2.8106, 33.5078, 0.0184, 1.0000]","[0.3636, -0.0000, 0.0000, -1.0220]
[-0.0000, 0.3636, -0.0000, -12.1847]
[0.0000, -0.0000, 0.3636, -0.0067]
[-0.0000, 0.0000, -0.0000, 1.0000]",1,4,-10,-11
"[2.7500, 0.0000, 0.0000, 0.0000]
[0.0000, 2.7500, 0.0000, 0.0000]
[0.0000, 0.0000, 2.7500, 0.0000]
[2.8106, 33.5078, 0.0184, 1.0000]","[0.3636, -0.0000, 0.0000, -1.0220]
[-0.0000, 0.3636, -0.0000, -12.1847]
[0.0000, -0.0000, 0.3636, -0.0067]
[-0.0000, 0.0000, -0.0000, 1.0000]",1,10,-10,-11
"[2.7500, 0.0000, 0.0000, 0.0000]
[0.0000, 2.7500, 0.0000, 0.0000]
[0.0000, 0.0000, 2.7500, 0.0000]
[2.8106, 33.5078, 0.0184, 1.0000]","[0.3636, -0.0000, 0.0000, -1.0220]
[-0.0000, 0.3636, -0.0000, -12.1847]
[0.0000, -0.0000, 0.3636, -0.0067]
[-0.0000, 0.0000, -0.0000, 1.0000]",1,3,-10,-11
"[2.7500, 0.0000, 0.0000, 0.0000]
[0.0000, 2.7500, 0.0000, 0.0000]
[0.0000, 0.0000, 2.7500, 0.0000]
[2.8106, 33.5078, 0.0184, 1.0000]","[0.3636, -0.0000, 0.0000, -1.0220]
[-0.0000, 0.3636, -0.0000, -12.1847]
[0.0000, -0.0000, 0.3636, -0.0067]
[-0.0000, 0.0000, -0.0000, 1.0000]",1,0,-10,-11
"[2.7500, 0.0000, 0.0000, 0.0000]
[0.0000, 2.7500, 0.0000, 0.0000]
[0.0000, 0.0000, 2.7500, 0.0000]
[2.8106, 33.5078, 0.0184, 1.0000]","[0.3636, -0.0000, 0.0000, -1.0220]
[-0.0000, 0.3636, -0.0000, -12.1847]
[0.0000, -0.0000, 0.3636, -0.0067]
[-0.0000, 0.0000, -0.0000, 1.0000]",1,4,-10,-11
"[2.7500, 0.0000, 0.0000, 0.0000]
[0.0000, 2.7500, 0.0000, 0.0000]
[0.0000, 0.0000, 2.7500, 0.0000]
[2.8106, 33.5078, 0.0184, 1.0000]","[0.3636, -0.0000, 0.0000, -1.0220]
[-0.0000, 0.3636, -0.0000, -12.1847]
[0.0000, -0.0000, 0.3636, -0.0067]
[-0.0000, 0.0000, -0.0000, 1.0000]",1,10,-10,-11
"[2.7500, 0.0000, 0.0000, 0.0000]
[0.0000, 2.7500, 0.0000, 0.0000]
[0.0000, 0.0000, 2.7500, 0.0000]
[2.8106, 33.5078, 0.0184, 1.0000]","[0.3636, -0.0000, 0.0000, -1.0220]
[-0.0000, 0.3636, -0.0000, -12.1847]
[0.0000, -0.0000, 0.3636, -0.0067]
[-0.0000, 0.0000, -0.0000, 1.0000]",1,3,-10,-11
"[2.7500, 0.0000, 0.0000, 0.0000]
[0.0000, 2.7500, 0.0000, 0.0000]
[0.0000, 0.0000, 2.7500, 0.0000]
[2.8106, 33.5078, 0.0184, 1.0000]","[0.3636, -0.0000, 0.0000, -1.0220]
[-0.0000, 0.3636, -0.0000, -12.1847]
[0.0000, -0.0000, 0.3636, -0.0067]
[-0.0000, 0.0000, -0.0000, 1.0000]",1,0,-10,-11
"[2.7500, 0.0000, 0.0000, 0.0000]
[0.0000, 2.7500, 0.0000, 0.0000]
[0.0000, 0.0000, 2.7500, 0.0000]
[2.8106, 33.5078, 0.0184, 1.0000]","[0.3636, -0.0000, 0.0000, -1.0220]
[-0.0000, 0.3636, -0.0000, -12.1847]
[0.0000, -0.0000, 0.3636, -0.0067]
[-0.0000, 0.0000, -0.0000, 1.0000]",1,4,-10,-11
"[2.7500, 0.0000, 0.0000, 0.0000]
[0.0000, 2.7500, 0.0000, 0.0000]
[0.0000, 0.0000, 2.7500, 0.0000]
[0.2503, 34.4575, 0.4992, 1.0000]","[0.3636, -0.0000, 0.0000, -0.0910]
[-0.0000, 0.3636, -0.0000, -12.5300]
[0.0000, -0.0000, 0.3636, -0.1815]
[-0.0000, 0.0000, -0.0000, 1.0000]",1,21,-10,-11
"[2.7500, 0.0000, 0.0000, 0.0000]
[0.0000, 2.7500, 0.0000, 0.0000]
[0.0000, 0.0000, 2.7500, 0.0000]
[5.4627, 0.0000, 38.1258, 1.0000]","[0.3636, -0.0000, 0.0000, -1.9864]
[-0.0000, 0.3636, -0.0000, -0.0000]
[0.0000, -0.0000, 0.3636, -13.8639]
[-0.0000, 0.0000, -0.0000, 1.0000]",1,9,-10,-11
"[2.7500, 0.0000, 0.0000, 0.0000]
[0.0000, 2.7500, 0.0000, 0.0000]
[0.0000, 0.0000, 2.7500, 0.0000]
[5.4627, 0.0000, 38.1258, 1.0000]","[0.3636, -0.0000, 0.0000, -1.9864]
[-0.0000, 0.3636, -0.0000, -0.0000]
[0.0000, -0.0000, 0.3636, -13.8639]
[-0.0000, 0.0000, -0.0000, 1.0000]",1,14,-10,-11
"[2.7500, 0.0000, 0.0000, 0.0000]
[0.0000, 2.7500, 0.0000, 0.0000]
[0.0000, 0.0000, 2.7500, 0.0000]
[5.4627, 0.0000, 38.1258, 1.0000]","[0.3636, -0.0000, 0.0000, -1.9864]
[-0.0000, 0.3636, -0.0000, -0.0000]
[0.0000, -0.0000, 0.3636, -13.8639]
[-0.0000, 0.0000, -0.0000, 1.0000]",1,15,-10,-11
"[2.7500, 0.0000, 0.0000, 0.0000]
[0.0000, 2.7500, 0.0000, 0.0000]
[0.0000, 0.0000, 2.7500, 0.0000]
[5.4627, 0.0000, 38.1258, 1.0000]","[0.3636, -0.0000, 0.0000, -1.9864]
[-0.0000, 0.3636, -0.0000, -0.0000]
[0.0000, -0.0000, 0.3636, -13.8639]
[-0.0000, 0.0000, -0.0000, 1.0000]",1,10,-10,-11
"[2.7500, 0.0000, 0.0000, 0.0000]
[0.0000, 2.7500, 0.0000, 0.0000]
[0.0000, 0.0000, 2.7500, 0.0000]
[5.4627, 0.0000, 38.1258, 1.0000]","[0.3636, -0.0000, 0.0000, -1.9864]
[-0.0000, 0.3636, -0.0000, -0.0000]
[0.0000, -0.0000, 0.3636, -13.8639]
[-0.0000, 0.0000, -0.0000, 1.0000]",1,7,-10,-11
"[2.7500, 0.0000, 0.0000, 0.0000]
[0.0000, 2.7500, 0.0000, 0.0000]
[0.0000, 0.0000, 2.7500, 0.0000]
[5.4627, 0.0000, 38.1258, 1.0000]","[0.3636, -0.0000, 0.0000, -1.9864]
[-0.0000, 0.3636, -0.0000, -0.0000]
[0.0000, -0.0000, 0.3636, -13.8639]
[-0.0000, 0.0000, -0.0000, 1.0000]",1,5,-10,-11
"[2.7500, 0.0000, 0.0000, 0.0000]
[0.0000, 2.7500, 0.0000, 0.0000]
[0.0000, 0.0000, 2.7500, 0.0000]
[5.4627, 0.0000, 38.1258, 1.0000]","[0.3636, -0.0000, 0.0000, -1.9864]
[-0.0000, 0.3636, -0.0000, -0.0000]
[0.0000, -0.0000, 0.3636, -13.8639]
[-0.0000, 0.0000, -0.0000, 1.0000]",1,19,-10,-11
"[2.7500, 0.0000, 0.0000, 0.0000]
[0.0000, 2.7500, 0.0000, 0.0000]
[0.0000, 0.0000, 2.7500, 0.0000]
[5.4627, 0.0000, 38.1258, 1.0000]","[0.3636, -0.0000, 0.0000, -1.9864]
[-0.0000, 0.3636, -0.0000, -0.0000]
[0.0000, -0.0000, 0.3636, -13.8639]
[-0.0000, 0.0000, -0.0000, 1.0000]",1,11,-10,-11
"[2.7500, 0.0000, 0.0000, 0.0000]
[0.0000, 2.7500, 0.0000, 0.0000]
[0.0000, 0.0000, 2.7500, 0.0000]
[5.4627, 0.0000, 38.1258, 1.0000]","[0.3636, -0.0000, 0.0000, -1.9864]
[-0.0000, 0.3636, -0.0000, -0.0000]
[0.0000, -0.0000, 0.3636, -13.8639]
[-0.0000, 0.0000, -0.0000, 1.0000]",1,3,-10,-11
"[2.7500, 0.0000, 0.0000, 0.0000]
[0.0000, 2.7500, 0.0000, 0.0000]
[0.0000, 0.0000, 2.7500, 0.0000]
[5.4627, 0.0000, 38.1258, 1.0000]","[0.3636, -0.0000, 0.0000, -1.9864]
[-0.0000, 0.3636, -0.0000, -0.0000]
[0.0000, -0.0000, 0.3636, -13.8639]
[-0.0000, 0.0000, -0.0000, 1.0000]",1,8,-10,-11
"[2.7500, 0.0000, 0.0000, 0.0000]
[0.0000, 2.7500, 0.0000, 0.0000]
[0.0000, 0.0000, 2.7500, 0.0000]
[5.4627, 0.0000, 38.1258, 1.0000]","[0.3636, -0.0000, 0.0000, -1.9864]
[-0.0000, 0.3636, -0.0000, -0.0000]
[0.0000, -0.0000, 0.3636, -13.8639]
[-0.0000, 0.0000, -0.0000, 1.0000]",1,0,-10,-11
"[2.7500, 0.0000, 0.0000, 0.0000]
[0.0000, 2.7500, 0.0000, 0.0000]
[0.0000, 0.0000, 2.7500, 0.0000]
[5.4627, 0.0000, 38.1258, 1.0000]","[0.3636, -0.0000, 0.0000, -1.9864]
[-0.0000, 0.3636, -0.0000, -0.0000]
[0.0000, -0.0000, 0.3636, -13.8639]
[-0.0000, 0.0000, -0.0000, 1.0000]",1,4,-10,-11
"[2.7500, 0.0000, 0.0000, 0.0000]
[0.0000, 2.7500, 0.0000, 0.0000]
[0.0000, 0.0000, 2.7500, 0.0000]
[5.4627, 0.0000, 38.1258, 1.0000]","[0.3636, -0.0000, 0.0000, -1.9864]
[-0.0000, 0.3636, -0.0000, -0.0000]
[0.0000, -0.0000, 0.3636, -13.8639]
[-0.0000, 0.0000, -0.0000, 1.0000]",1,1,-10,-11
"[2.7500, 0.0000, 0.0000, 0.0000]
[0.0000, 2.7500, 0.0000, 0.0000]
[0.0000, 0.0000, 2.7500, 0.0000]
[5.4627, 0.0000, 38.1258, 1.0000]","[0.3636, -0.0000, 0.0000, -1.9864]
[-0.0000, 0.3636, -0.0000, -0.0000]
[0.0000, -0.0000, 0.3636, -13.8639]
[-0.0000, 0.0000, -0.0000, 1.0000]",1,16,-10,-11
"[2.7500, 0.0000, 0.0000, 0.0000]
[0.0000, 2.7500, 0.0000, 0.0000]
[0.0000, 0.0000, 2.7500, 0.0000]
[5.4627, 0.0000, 38.1258, 1.0000]","[0.3636, -0.0000, 0.0000, -1.9864]
[-0.0000, 0.3636, -0.0000, -0.0000]
[0.0000, -0.0000, 0.3636, -13.8639]
[-0.0000, 0.0000, -0.0000, 1.0000]",1,6,-10,-11
"[2.7500, 0.0000, 0.0000, 0.0000]
[0.0000, 2.7500, 0.0000, 0.0000]
[0.0000, 0.0000, 2.7500, 0.0000]
[5.4627, 0.0000, 38.1258, 1.0000]","[0.3636, -0.0000, 0.0000, -1.9864]
[-0.0000, 0.3636, -0.0000, -0.0000]
[0.0000, -0.0000, 0.3636, -13.8639]
[-0.0000, 0.0000, -0.0000, 1.0000]",1,22,-10,-11
"[2.7500, 0.0000, 0.0000, 0.0000]
[0.0000, 2.7500, 0.0000, 0.0000]
[0.0000, 0.0000, 2.7500, 0.0000]
[5.4627, 0.0000, 38.1258, 1.0000]","[0.3636, -0.0000, 0.0000, -1.9864]
[-0.0000, 0.3636, -0.0000, -0.0000]
[0.0000, -0.0000, 0.3636, -13.8639]
[-0.0000, 0.0000, -0.0000, 1.0000]",1,23,-10,-11
"[2.7500, 0.0000, 0.0000, 0.0000]
[0.0000, 2.7500, 0.0000, 0.0000]
[0.0000, 0.0000, 2.7500, 0.0000]
[5.4627, 0.0000, 38.1258, 1.0000]","[0.3636, -0.0000, 0.0000, -1.9864]
[-0.0000, 0.3636, -0.0000, -0.0000]
[0.0000, -0.0000, 0.3636, -13.8639]
[-0.0000, 0.0000, -0.0000, 1.0000]",1,24,-10,-11
"[2.7500, 0.0000, 0.0000, 0.0000]
[0.0000, 2.7500, 0.0000, 0.0000]
[0.0000, 0.0000, 2.7500, 0.0000]
[5.4627, 0.0000, 38.1258, 1.0000]","[0.3636, -0.0000, 0.0000, -1.9864]
[-0.0000, 0.3636, -0.0000, -0.0000]
[0.0000, -0.0000, 0.3636, -13.8639]
[-0.0000, 0.0000, -0.0000, 1.0000]",1,27,-10,-11
"[2.7500, 0.0000, 0.0000, 0.0000]
[0.0000, 2.7500, 0.0000, 0.0000]
[0.0000, 0.0000, 2.7500, 0.0000]
[5.4627, 0.0000, 38.1258, 1.0000]","[0.3636, -0.0000, 0.0000, -1.9864]
[-0.0000, 0.3636, -0.0000, -0.0000]
[0.0000, -0.0000, 0.3636, -13.8639]
[-0.0000, 0.0000, -0.0000, 1.0000]",1,26,-10,-11
"[2.7500, 0.0000, 0.0000, 0.0000]
[0.0000, 2.7500, 0.0000, 0.0000]
[0.0000, 0.0000, 2.7500, 0.0000]
[5.4627, 0.0000, 38.1258, 1.0000]","[0.3636, -0.0000, 0.0000, -1.9864]
[-0.0000, 0.3636, -0.0000, -0.0000]
[0.0000, -0.0000, 0.3636, -13.8639]
[-0.0000, 0.0000, -0.0000, 1.0000]",1,12,-10,-11
"[2.7500, 0.0000, 0.0000, 0.0000]
[0.0000, 2.7500, 0.0000, 0.0000]
[0.0000, 0.0000, 2.7500, 0.0000]
[5.4627, 0.0000, 38.1258, 1.0000]","[0.3636, -0.0000, 0.0000, -1.9864]
[-0.0000, 0.3636, -0.0000, -0.0000]
[0.0000, -0.0000, 0.3636, -13.8639]
[-0.0000, 0.0000, -0.0000, 1.0000]",1,17,-10,-11
"[2.7500, 0.0000, 0.0000, 0.0000]
[0.0000, 2.7500, 0.0000, 0.0000]
[0.0000, 0.0000, 2.7500, 0.0000]
[5.4627, 0.0000, 38.1258, 1.0000]","[0.3636, -0.0000, 0.0000, -1.9864]
[-0.0000, 0.3636, -0.0000, -0.0000]
[0.0000, -0.0000, 0.3636, -13.8639]
[-0.0000, 0.0000, -0.0000, 1.0000]",1,18,-10,-11
"[2.7500, 0.0000, 0.0000, 0.0000]
[0.0000, 2.7500, 0.0000, 0.0000]
[0.0000, 0.0000, 2.7500, 0.0000]
[5.4627, 0.0000, 38.1258, 1.0000]","[0.3636, -0.0000, 0.0000, -1.9864]
[-0.0000, 0.3636, -0.0000, -0.0000]
[0.0000, -0.0000, 0.3636, -13.8639]
[-0.0000, 0.0000, -0.0000, 1.0000]",1,25,-10,-11
"[2.7500, 0.0000, 0.0000, 0.0000]
[0.0000, 2.7500, 0.0000, 0.0000]
[0.0000, 0.0000, 2.7500, 0.0000]
[5.4627, 0.0000, 38.1258, 1.0000]","[0.3636, -0.0000, 0.0000, -1.9864]
[-0.0000, 0.3636, -0.0000, -0.0000]
[0.0000, -0.0000, 0.3636, -13.8639]
[-0.0000, 0.0000, -0.0000, 1.0000]",1,13,-10,-11
"[2.7500, 0.0000, 0.0000, 0.0000]
[0.0000, 2.7500, 0.0000, 0.0000]
[0.0000, 0.0000, 2.7500, 0.0000]
[5.4627, 0.0000, 38.1258, 1.0000]","[0.3636, -0.0000, 0.0000, -1.9864]
[-0.0000, 0.3636, -0.0000, -0.0000]
[0.0000, -0.0000, 0.3636, -13.8639]
[-0.0000, 0.0000, -0.0000, 1.0000]",1,21,-10,-11
"[2.7500, 0.0000, 0.0000, 0.0000]
[0.0000, 2.7500, 0.0000, 0.0000]
[0.0000, 0.0000, 2.7500, 0.0000]
[5.4627, 0.0000, 38.1258, 1.0000]","[0.3636, -0.0000, 0.0000, -1.9864]
[-0.0000, 0.3636, -0.0000, -0.0000]
[0.0000, -0.0000, 0.3636, -13.8639]
[-0.0000, 0.0000, -0.0000, 1.0000]",1,20,-10,-11
"[2.7500, 0.0000, 0.0000, 0.0000]
[0.0000, 2.7500, 0.0000, 0.0000]
[0.0000, 0.0000, 2.7500, 0.0000]
[5.4627, 0.0000, 38.1258, 1.0000]","[0.3636, -0.0000, 0.0000, -1.9864]
[-0.0000, 0.3636, -0.0000, -0.0000]
[0.0000, -0.0000, 0.3636, -13.8639]
[-0.0000, 0.0000, -0.0000, 1.0000]",1,2,-10,-11
